sc_sm_name,aabc_id,sc_sm_id,bill_generate_date,auto_bill_type,auto_bill_period,bill_cycle,auto_due_date,auto_grace_period,send_email,send_sms,next_billing_date,next_bill_period,flag,is_active,auto_approve,is_reminder_email,created_by,created_on,updated_by,updated_on,deleted_by,deleted_on,is_deleted,send_whatsapp
"Pariwar Pendant",160,9344,2021-10-01,MAINTENANCE_CHARGES,10,1,9,0,1,0,2026-02-01,2,0,1,1,0,36309,"2021-09-28 08:16:32",381756,"2026-01-01 00:00:05",NULL,NULL,0,1
"Girija Residency",170,8789,2021-10-01,MAINTENANCE,10,1,16,0,1,0,2026-02-01,2,0,1,1,0,33914,"2021-09-30 06:49:13",58825,"2026-01-01 00:00:08",NULL,NULL,0,1
"Richmond Lake View",190,89,2021-10-01,MAINTENANCE_INVOICE,10,1,7,0,1,0,2026-02-01,2,0,1,1,0,8387,"2021-09-30 11:40:23",NULL,"2026-01-01 00:00:16",NULL,NULL,0,1
"Apna Ashiyana",218,6762,2021-10-01,MAINTENANCE,10,1,10,0,1,0,2026-02-01,2,0,1,1,0,26692,"2021-10-01 06:53:05",NULL,"2026-01-01 00:00:19",NULL,NULL,0,1
"OXFORD ENCLAVE",219,345,2021-10-01,MAINTENANCE,10,1,9,0,1,0,2026-02-01,2,0,1,1,0,5854,"2021-10-01 10:11:44",5854,"2026-01-01 00:00:22",NULL,NULL,0,1
"Sri Mitra Spring Valley",233,7939,2021-11-01,MAINTENANCE,11,1,14,0,1,0,2026-02-01,2,0,1,1,0,30344,"2021-10-10 07:20:13",30344,"2026-01-01 00:00:36",NULL,NULL,0,1
"Sri Lakshmi Enclave",265,6229,2021-11-01,MAINTENANCE,11,1,20,0,1,0,2026-02-01,2,0,1,1,0,25228,"2021-10-31 16:43:53",47008,"2026-01-01 00:00:39",NULL,NULL,0,1
"Mighty Marvel",269,9457,2021-11-01,MAINTENANCE_CHARGES,11,1,9,0,1,0,2026-02-01,2,0,1,1,0,36990,"2021-10-31 18:27:30",36990,"2026-01-01 00:00:45",NULL,NULL,0,1
"Bricks Vasantham",287,4930,2021-12-01,MAINTENANCE_BILL,12,1,15,2,1,0,2026-02-01,2,0,1,1,0,20025,"2021-11-12 05:17:56",20025,"2026-01-01 00:00:47",NULL,NULL,0,1
"SV Pleasanta",299,1440,2021-12-01,MAINTENANCE_CHARGES,12,1,5,1,1,0,2026-02-01,2,0,1,1,0,37877,"2021-11-26 08:02:04",37893,"2026-01-01 00:00:55",NULL,NULL,0,1
"Daadys Elixir",326,7940,2022-01-01,MAINTENANCE,1,1,9,0,1,0,2026-02-01,2,0,1,1,0,30009,"2021-12-01 06:25:20",44308,"2026-01-01 00:01:12",NULL,NULL,0,1
"IJ acacia",327,9828,2021-12-01,MAINTENANCE_CHARGES_A_BLOCK,12,1,9,2,1,0,2026-02-01,2,0,1,1,0,38565,"2021-12-01 09:52:24",313005,"2026-01-01 00:01:17",NULL,NULL,0,1
"IJ acacia",328,9828,2021-12-01,MAINTENANCE_CHARGES_B_BLOCK,12,1,9,2,1,0,2026-02-01,2,0,1,1,0,38565,"2021-12-01 09:54:48",313005,"2026-01-01 00:01:19",NULL,NULL,0,1
"Vaishno White Petals",345,9290,2022-01-01,MAINTENANCE_CHARGES,1,1,9,0,1,0,2026-02-01,2,0,1,1,0,37314,"2021-12-07 07:01:36",37314,"2026-01-01 00:01:21",NULL,NULL,0,1
"Essel heights",382,9861,2022-01-01,MAINTENANCE_CHARGES,1,1,15,0,1,0,2026-02-01,2,0,1,1,0,39027,"2021-12-29 05:40:10",NULL,"2026-01-01 00:01:31",NULL,NULL,0,1
"Aman Lifestyle Condominium",455,10326,2022-02-01,MONTHLY_MAINTENANCE_CHARGES,2,1,5,4,1,0,2026-02-01,2,0,1,1,0,40587,"2022-01-30 08:08:00",40587,"2026-01-01 00:01:41",NULL,NULL,0,1
"Epsilon Apartments",467,9746,2022-02-01,MAINTENANCE_CHARGES,2,1,14,0,1,0,2026-02-01,2,0,1,1,0,38078,"2022-01-31 13:24:04",NULL,"2026-01-01 00:01:44",NULL,NULL,0,1
"Shankhmani ",471,9536,2022-02-01,MAINTENANCE,2,1,14,0,1,0,2026-02-01,2,0,1,1,0,37219,"2022-01-31 15:57:12",NULL,"2026-01-01 00:01:50",NULL,NULL,0,1
"MEENA SRISHTI",482,7031,2022-02-01,MAINTENANCE,2,1,9,0,1,0,2026-02-01,2,0,1,1,0,27035,"2022-02-01 08:01:32",NULL,"2026-01-01 00:01:54",NULL,NULL,0,1
"Abhinava sunrise",512,10082,2022-03-01,MAINTENANCE_CHARGES,3,1,10,0,1,0,2026-02-01,2,0,1,1,0,40409,"2022-02-18 07:40:18",41167,"2026-01-01 00:01:57",NULL,NULL,0,1
"Vishranthi Sundarakand",536,6207,2022-03-01,MAINTENANCE,3,1,5,1,1,0,2026-02-01,2,0,1,1,0,24729,"2022-02-27 04:30:19",NULL,"2026-01-01 00:02:05",NULL,NULL,0,1
"Lakvin Valley Residency",646,3803,2022-05-01,MAINTENANCE_CHARGES,4,1,10,0,1,0,2026-02-01,1,0,1,1,0,35624,"2022-04-03 05:39:14",35624,"2026-01-01 00:02:11",NULL,NULL,0,1
"Eshwari oak dale",700,1557,2022-05-01,MAINTENANCE_DUES,5,1,10,0,0,0,2026-02-01,2,0,1,1,0,40838,"2022-04-28 08:42:39",284831,"2026-01-01 00:02:15",NULL,NULL,0,1
"VGn Avive Enclave ",725,10802,2022-06-01,MAINTENANCE,6,1,10,0,1,0,2026-02-01,2,0,1,1,0,42884,"2022-05-03 08:16:11",NULL,"2026-01-01 00:02:19",NULL,NULL,0,1
"Preethi Woods Apartments",726,228,2022-06-01,MAINTENANCE,6,1,9,0,1,0,2026-02-01,2,0,1,1,0,5433,"2022-05-03 12:13:21",5433,"2026-01-01 00:02:22",NULL,NULL,0,1
"Armsburg Koundinya",764,1914,2022-06-01,MAINTENANCE,5,1,9,0,1,0,2026-02-01,1,0,1,1,0,42834,"2022-05-28 08:06:39",42834,"2026-01-01 00:02:30",NULL,NULL,0,1
"Villas @ Silver Creek",772,6960,2022-06-01,MAINTENANCE_CHARGES,6,1,8,0,1,0,2026-02-01,2,0,1,1,0,26452,"2022-05-31 05:21:33",45451,"2026-01-01 00:02:33",NULL,NULL,0,1
"Neeraja Sarovar",865,4025,2022-07-01,MAINTANANCE_BILL,7,1,9,0,1,0,2026-02-01,2,0,1,1,0,20163,"2022-06-30 17:21:53",253579,"2026-01-01 00:02:41",NULL,NULL,0,1
"Y D Lotus Apartment",870,10831,2022-12-01,MAINTENANCE_CHARGES,12,1,5,0,1,0,2026-02-01,2,0,1,1,0,42876,"2022-07-01 02:08:09",42876,"2026-01-01 00:03:03",NULL,NULL,0,1
"KHB Sharwa_MB4 ERP",999,11318,2022-09-01,MONTHLY_MAINTENANCE_CHARGES,9,1,7,3,1,0,2026-02-01,2,0,1,1,0,44982,"2022-08-25 07:25:45",44982,"2026-01-01 00:03:09",NULL,NULL,0,1
"SAI SAROVAR APARTMENT",1006,12157,2022-10-01,MAINTENANCE_CHARGES,9,1,10,0,1,0,2026-02-01,1,0,1,1,0,49726,"2022-08-28 09:54:58",NULL,"2026-01-01 00:03:13",NULL,NULL,0,1
"Iconest 3 Residents Welfare association ",1041,11465,2022-10-01,MAINTENANCE_CHARGES,10,1,10,0,1,0,2026-02-01,2,0,1,1,0,48072,"2022-09-01 06:13:39",48072,"2026-01-01 00:03:30",NULL,NULL,0,1
"Sri Balaji Emerald",1052,11827,2022-10-01,MAINTENANCE_CHARGES,10,1,9,0,1,0,2026-02-01,2,0,1,1,0,48098,"2022-09-03 06:30:49",NULL,"2026-01-01 00:03:33",NULL,NULL,0,1
"Royal glory",1063,10402,2022-10-01,MAINTENANCE,10,1,9,0,1,0,2026-02-01,2,0,1,1,0,43673,"2022-09-09 08:21:22",73763,"2026-01-01 00:03:37",NULL,NULL,0,1
"M R Shine Woods",1082,12196,2022-12-01,MAINTENANCE_CHARGES,12,1,10,0,1,0,2026-02-01,2,0,1,1,0,49696,"2022-09-19 12:32:43",49696,"2026-01-01 00:03:40",NULL,NULL,0,1
"Jyothi GT enclave",1083,12246,2022-10-01,MAINTENANCE_CHARGES,10,1,14,0,1,0,2026-02-01,2,0,1,1,0,49208,"2022-09-19 12:54:03",NULL,"2026-01-01 00:03:43",NULL,NULL,0,1
"Venus Gardenia",1093,766,2022-10-01,MONTHLY_MAINTENANCE,10,1,15,15,1,0,2026-02-01,2,0,1,1,0,7853,"2022-09-27 11:16:37",NULL,"2026-01-01 00:03:45",NULL,NULL,0,1
"Sree Prasad apartment",1152,13121,2022-10-01,MAINTENANCE_CHARGE,10,1,9,0,1,0,2026-02-01,2,0,1,1,0,52314,"2022-10-01 05:44:03",NULL,"2026-01-01 00:03:48",NULL,NULL,0,1
"Celebrity srivaru's",1185,12525,2022-11-01,MONTHLY_MAINTENANCE,10,1,9,0,1,0,2026-02-01,1,0,1,1,0,51226,"2022-10-20 13:05:49",51226,"2026-01-01 00:03:51",NULL,NULL,0,1
"KHB Sharwa MB1 ERP",1187,13319,2022-11-01,MAINTENANCE_CHARGES,11,1,10,0,1,0,2026-02-01,2,0,1,1,0,53128,"2022-10-21 04:14:37",NULL,"2026-01-01 00:03:53",NULL,NULL,0,1
"MAK The Address",1203,13193,2022-11-01,MAINTENANCE_CHARGES,11,1,20,0,0,0,2026-02-01,2,0,1,1,0,52353,"2022-10-29 10:41:25",66509,"2026-01-01 00:04:02",NULL,NULL,0,1
"KVG GRANDEUR",1258,6983,2022-12-01,MAINTENANCE,12,1,5,0,1,0,2026-02-01,2,0,1,1,0,28581,"2022-11-09 12:02:56",NULL,"2026-01-01 00:04:07",NULL,NULL,0,1
"Casa XS Owners Association",1300,13974,2022-12-01,MAINTENANCE_CHARGE,12,1,4,0,1,0,2026-02-01,2,0,1,1,0,55817,"2022-11-26 11:16:02",NULL,"2026-01-01 00:04:13",NULL,NULL,0,1
"Sri Balaji Enclave Block-B",1303,3748,2022-12-01,MAINTENANCE_BILL,12,1,9,0,1,0,2026-02-01,2,0,1,1,0,16803,"2022-11-27 09:47:13",NULL,"2026-01-01 00:04:17",NULL,NULL,0,1
"Woods ville F Wing",1362,13933,2023-01-01,MAINTENANCE_CHARGES,1,1,10,0,1,0,2026-02-01,2,0,1,1,0,54863,"2022-12-07 06:39:20",NULL,"2026-01-01 00:04:21",NULL,NULL,0,1
"Sky Planet",1427,6240,2023-02-01,MAINTENANCE,2,1,9,0,1,0,2026-02-01,2,0,1,1,0,31138,"2023-01-01 10:03:57",NULL,"2026-01-01 00:04:24",NULL,NULL,0,1
"The Square Apartments ",1430,12136,2023-02-01,MAINTENANCE,2,1,8,0,1,0,2026-02-01,2,0,1,1,0,56246,"2023-01-02 04:58:11",180121,"2026-01-01 00:04:27",NULL,NULL,0,1
"Sadagopan Enclave",1473,8578,2023-02-01,MAINTENANCE,2,1,7,0,1,0,2026-02-01,2,0,1,1,0,35406,"2023-01-25 10:06:30",NULL,"2026-01-01 00:04:32",NULL,NULL,0,1
"SAI OKAS",1474,8320,2023-02-01,MAINTENANCE_TYPE1,2,1,14,0,1,0,2026-02-01,2,0,1,1,0,31450,"2023-01-25 10:19:57",NULL,"2026-01-01 00:04:36",NULL,NULL,0,1
"SAI OKAS",1475,8320,2023-02-01,MAINTENANCE_TYPE2,2,1,14,0,1,0,2026-02-01,2,0,1,1,0,31450,"2023-01-25 10:23:18",NULL,"2026-01-01 00:04:37",NULL,NULL,0,1
"Owners Association the Grove",1477,6088,2023-02-01,MAINTENANCE,2,1,15,0,1,0,2026-02-01,2,0,1,1,0,28007,"2023-01-25 10:44:56",NULL,"2026-01-01 00:04:46",NULL,NULL,0,1
"Gokulam Phase -1",1479,99,2023-02-01,MAINTENANCE_INVOICE,2,1,9,0,1,0,2026-02-01,2,0,1,1,0,53791,"2023-01-25 11:24:11",65687,"2026-01-01 00:04:55",NULL,NULL,0,1
"Ocean Breeze",1480,5955,2023-02-01,MAINTENANCE_CHARGES,2,1,14,0,1,0,2026-02-01,2,0,1,1,0,30260,"2023-01-25 11:33:09",NULL,"2026-01-01 00:05:01",NULL,NULL,0,1
"Sai brindavan apartments",1483,13304,2023-02-01,MAINTENANCE,2,1,14,0,1,0,2026-02-01,2,0,1,1,0,52757,"2023-01-25 12:11:49",NULL,"2026-01-01 00:05:07",NULL,NULL,0,1
"Stepsstone Prasanas",1485,13502,2023-02-01,MAINTENANCE_FEE,2,1,4,0,1,0,2026-02-01,2,0,1,1,0,53134,"2023-01-25 12:29:57",NULL,"2026-01-01 00:05:10",NULL,NULL,0,1
"milano orchard",1486,12957,2023-02-01,MAINTENANCE_CHARGES,2,1,9,0,1,0,2026-02-01,2,0,1,1,0,51089,"2023-01-25 12:35:35",NULL,"2026-01-01 00:05:15",NULL,NULL,0,1
UNI5,1491,49,2023-02-01,MAINTENANCE_INVOICE,3,1,10,0,1,0,2026-02-01,3,0,1,1,0,60036,"2023-01-26 06:29:28",70554,"2026-01-01 00:05:22",NULL,NULL,0,1
"SV Lakeview",1494,8001,2023-02-01,MAINTENANCE_CHARGE,2,1,8,0,1,0,2026-02-01,2,0,1,1,0,50501,"2023-01-27 04:53:41",NULL,"2026-01-01 00:06:04",NULL,NULL,0,1
"v2 poorvi enclave",1497,9962,2023-02-01,MAINTENANCE_CHARGES,2,1,10,0,1,0,2026-02-01,2,0,1,1,0,39016,"2023-01-27 05:34:21",NULL,"2026-01-01 00:06:05",NULL,NULL,0,1
"Alpine square",1510,11864,2023-02-01,MAINTENANCE_CHARGES,2,1,10,0,1,0,2026-02-01,2,0,1,1,0,46899,"2023-01-29 10:28:43",NULL,"2026-01-01 00:06:08",NULL,NULL,0,1
"Mahaveer Sanctum",1528,11685,2023-03-01,MAINTENANCE_CHARGES,3,1,10,1,1,0,2026-02-01,2,0,1,1,0,51536,"2023-01-31 09:34:35",NULL,"2026-01-01 00:06:16",NULL,NULL,0,1
"Jamals Luxor",1529,379,2023-02-01,MAINTENANCE_INVOICE,2,1,10,10,1,0,2026-02-01,2,0,1,1,0,27830,"2023-01-31 09:58:12",NULL,"2026-01-01 00:06:22",NULL,NULL,0,1
"SVS Coco grooves",1543,11509,2023-03-01,MAINTENANCE_CHARGES,3,1,4,0,1,0,2026-02-01,2,0,1,1,0,46022,"2023-02-01 08:13:44",182823,"2026-01-01 00:06:26",NULL,NULL,0,1
"ATZ Splendor Apartments",1544,11786,2023-03-01,MAINTENANCE_CHARGES,3,1,9,0,1,0,2026-02-01,2,0,1,1,0,46940,"2023-02-01 10:15:47",NULL,"2026-01-01 00:06:29",NULL,NULL,0,1
"ATZ Splendor Apartments",1545,11786,2023-03-01,CORPUS_FUND,3,1,9,0,1,0,2026-02-01,2,0,1,1,0,46940,"2023-02-01 10:16:07",NULL,"2026-01-01 00:06:31",NULL,NULL,0,1
"Sraddha Whitecliff Apartments",1546,10911,2023-03-01,MAINTENANCE_CHARGES,3,1,10,0,1,0,2026-02-01,2,0,1,1,0,43452,"2023-02-01 10:37:36",NULL,"2026-01-01 00:06:40",NULL,NULL,0,1
"TNR Vaishnovi",1574,82,2023-03-01,MAINTENANCE_CHARGES,3,1,10,4,1,0,2026-02-01,2,0,1,1,0,4964,"2023-02-17 10:53:03",4964,"2026-01-01 00:06:43",NULL,NULL,0,1
"harsh platinum 3",1588,11724,2023-03-01,MAINTENANCE,3,1,9,0,1,0,2026-02-01,2,0,1,1,0,61463,"2023-02-26 12:36:47",228148,"2026-01-01 00:06:47",NULL,NULL,0,1
"Siddhi Flora",1604,6797,2023-03-01,MAINTENANCE,3,1,9,0,1,0,2026-02-01,2,0,1,1,0,26963,"2023-02-28 13:53:57",NULL,"2026-01-01 00:06:52",NULL,NULL,0,1
"Bhuvana Nivath",1608,6661,2023-03-01,MONTHLY_MAINTENANCE,3,1,10,0,1,0,2026-02-01,2,0,1,1,0,62071,"2023-02-28 20:09:50",NULL,"2026-01-01 00:07:03",NULL,NULL,0,1
"SVS Sunrise apartment  owners association ",1621,14352,2023-04-01,MAINTENANCE_CHARGES,4,1,9,0,1,0,2026-02-01,2,0,1,1,0,57953,"2023-03-05 14:52:46",NULL,"2026-01-01 00:07:06",NULL,NULL,0,1
"ARS Lifestyle",1640,13590,2023-04-01,MAINTENANCE_BILL,4,1,9,0,1,0,2026-02-01,2,0,1,1,0,64847,"2023-03-24 04:30:23",NULL,"2026-01-01 00:07:22",NULL,NULL,0,1
"DABC Abinayam Phase 3",1652,11049,2023-04-01,MAINTENANCE_CHARGES,4,1,10,0,1,0,2026-02-01,2,0,1,1,0,62778,"2023-03-30 05:28:58",62778,"2026-01-01 00:07:29",NULL,NULL,0,1
Maplewood,1655,8624,2023-04-01,MAINTENANCE_2023_2024,4,1,10,0,1,0,2026-02-01,2,0,1,1,0,65490,"2023-03-31 07:07:52",NULL,"2026-01-01 00:07:36",NULL,NULL,0,1
"Mainaak Gardens",1656,11947,2023-04-01,MAINTENANCE_CHARGES,4,1,14,0,1,0,2026-02-01,2,0,1,1,0,48707,"2023-03-31 07:15:07",NULL,"2026-01-01 00:07:42",NULL,NULL,0,1
"Sanaathana Chamanthi",1662,12553,2023-04-01,MAINTENANCE_BILL,4,1,10,0,1,0,2026-02-01,2,0,1,1,0,65554,"2023-03-31 10:36:06",NULL,"2026-01-01 00:07:47",NULL,NULL,0,1
"SAMK Whitestone Ashraya",1664,11129,2023-04-01,MAINTENANCE_CHARGES,4,1,4,0,1,0,2026-02-01,2,0,1,1,0,65538,"2023-03-31 12:01:22",65538,"2026-01-01 00:07:51",NULL,NULL,0,1
"Hansa Sapphire",1671,9145,2023-05-01,MAINTENANCE,5,1,7,0,1,0,2026-02-01,2,0,1,1,0,65199,"2023-04-01 03:06:41",NULL,"2026-01-01 00:07:54",NULL,NULL,0,1
"S&P Lakeview ",1681,4836,2023-05-01,MAINTENANCE,5,1,7,0,1,0,2026-02-01,2,0,1,1,0,65770,"2023-04-03 05:10:59",NULL,"2026-01-01 00:07:57",NULL,NULL,0,1
"Simandhar status (Gota)",1704,12793,2023-05-01,MAINTENANCE,5,1,9,0,1,0,2026-02-01,2,0,1,1,0,66025,"2023-04-27 08:27:51",NULL,"2026-01-01 00:08:02",NULL,NULL,0,1
"Panchavati BDA Apartments",1709,15308,2023-05-31,MAINTENANCE,6,1,10,0,1,0,2026-02-01,2,0,1,1,0,63861,"2023-04-29 11:26:43",NULL,"2026-01-01 00:08:07",NULL,NULL,0,1
"Sowparnika Chandrakantha phase 2",1710,83,2023-04-30,MAINTENANCE_CHARGES,5,1,9,0,1,0,2026-02-01,2,0,1,1,0,64105,"2023-04-29 11:36:11",NULL,"2026-01-01 00:08:14",NULL,NULL,0,1
"Sowparnika Chandrakantha phase 2",1711,83,2023-04-30,CORPUS_2023,5,1,9,0,1,0,2026-02-01,2,0,1,1,0,64105,"2023-04-29 11:37:00",NULL,"2026-01-01 00:08:16",NULL,NULL,0,1
"Sree Utopia Apartments",1754,494,2023-06-01,MAINTENANCE,6,1,10,20,1,0,2026-02-01,2,0,1,1,0,43343,"2023-05-17 09:43:53",7644,"2026-01-01 00:08:24",NULL,NULL,0,1
"Harsha landmark",1763,8835,2023-06-01,MAINTENANCE_CHARGES,6,1,14,0,1,0,2026-02-01,2,0,1,1,0,59630,"2023-05-25 07:29:41",332467,"2026-01-01 00:08:42",NULL,NULL,0,1
"Radiant Lotus",1771,489,2023-06-01,MAINTENANCE,6,1,19,0,1,0,2026-02-01,2,0,1,1,0,38987,"2023-05-28 11:50:51",34221,"2026-01-01 00:09:06",NULL,NULL,0,1
"NARMADA ENCLAVE RESIDENCY",1793,9423,2023-06-01,MAINTENANCE_CHARGES,6,1,9,0,1,0,2026-02-01,2,0,1,1,0,68488,"2023-05-31 14:28:02",NULL,"2026-01-01 00:09:23",NULL,NULL,0,1
"Sowparnika Tharangini",1801,5649,2023-06-01,MAINTENANCE_CHARGES_MONTHLY_USE_THIS,6,1,4,5,1,0,2026-02-01,2,0,1,1,0,65217,"2023-05-31 16:40:29",65217,"2026-01-01 00:09:32",NULL,NULL,0,1
"VMAKS CHALET",1805,16188,2023-07-01,MAINTENANCE_CHARGE,7,1,9,0,1,0,2026-02-01,2,0,1,1,0,70576,"2023-06-01 04:46:26",70576,"2026-01-01 00:09:36",NULL,NULL,0,1
"Luxurious Heavan ",1806,13803,2023-07-01,MAINTENANCE,7,1,7,0,1,0,2026-02-01,2,0,1,1,0,63838,"2023-06-01 05:32:32",NULL,"2026-01-01 00:09:39",NULL,NULL,0,1
"Jagdamba Prime Heights ",1808,15992,2023-07-01,MAINTENANCE,7,1,7,0,1,0,2026-02-01,2,0,1,1,0,70914,"2023-06-01 07:26:02",NULL,"2026-01-01 00:09:41",NULL,NULL,0,1
"Greenfinch Vallerian",1817,6870,2023-07-01,MAINTENANCE,7,1,9,0,1,0,2026-02-01,2,0,1,1,0,71007,"2023-06-02 11:49:18",NULL,"2026-01-01 00:09:44",NULL,NULL,0,1
"Trinity Sunrise Apartment",1819,16093,2023-07-01,MONTHLY_MAINTENANCE_CHARGE,7,1,15,0,1,0,2026-02-01,2,0,1,1,0,71051,"2023-06-03 07:43:52",71051,"2026-01-01 00:09:53",NULL,NULL,0,1
"Upkar oakland",1826,15020,2023-06-30,MAINTENANCE,6,1,9,20,1,0,2026-02-01,1,0,1,1,0,68381,"2023-06-09 10:48:09",204151,"2026-01-01 00:09:58",NULL,NULL,0,1
"Asset Placid",1833,16258,2023-07-01,MAINTENANCE_CHARGE,7,1,24,0,1,0,2026-02-01,2,0,1,1,0,72144,"2023-06-18 07:00:54",NULL,"2026-01-01 00:10:01",NULL,NULL,0,1
"Aditya Mother Palace",1856,5902,2023-07-01,MAINTENANCE,7,1,10,0,1,0,2026-02-01,2,0,1,1,0,66162,"2023-06-29 10:26:12",NULL,"2026-01-01 00:10:04",NULL,NULL,0,1
"Ferns Whitehouse",1859,16579,2023-08-01,MAINTENANCE_CHARGES,8,1,9,0,1,0,2026-02-01,2,0,1,1,0,73023,"2023-06-30 07:06:11",75709,"2026-01-01 00:10:05",NULL,NULL,0,1
"HIG HILL TOP OWNERS WELFARE ASSOCIATION",1862,313,2023-07-01,MAINTENANCE_CHARGES,7,1,29,0,1,0,2026-02-01,2,0,1,1,0,59243,"2023-06-30 10:41:17",412937,"2026-01-01 00:10:31",NULL,NULL,0,1
"Prabhavathi Bliss -01",1864,13998,2023-07-01,MAINTENANCE,7,1,10,0,1,0,2026-02-01,2,0,1,1,0,56038,"2023-06-30 13:45:18",NULL,"2026-01-01 00:10:45",NULL,NULL,0,1
"Sai Nandana Gardenia apts owners association ",1868,14398,2023-07-01,MAINTENANCE_CHARGES,7,1,15,0,1,0,2026-02-01,2,0,1,1,0,65690,"2023-06-30 14:20:24",NULL,"2026-01-01 00:10:57",NULL,NULL,0,1
"SLS Sarovar Association",1869,15408,2023-07-01,MAINTENANCE_CHARGES,7,1,9,0,1,0,2026-02-01,2,0,1,1,0,68456,"2023-06-30 14:47:29",NULL,"2026-01-01 00:11:01",NULL,NULL,0,1
"Jai Galaxy",1872,3713,2023-07-01,MAINTENANCE_CHARGES,7,1,9,0,1,0,2026-02-01,2,0,1,1,0,34539,"2023-06-30 16:34:27",NULL,"2026-01-01 00:11:10",NULL,NULL,0,1
"Ruchira Lilium",1877,15979,2023-07-01,MAINTENANCE_CHARGES,7,1,9,0,1,0,2026-02-01,2,0,1,1,0,70805,"2023-06-30 18:29:31",NULL,"2026-01-01 00:11:13",NULL,NULL,0,1
"Akash Ganga",1879,1169,2023-07-01,INFRA_FUND,6,1,15,0,1,0,2026-02-01,1,0,1,1,0,73144,"2023-06-30 18:43:07",9281,"2026-01-01 00:11:20",NULL,NULL,0,1
"Nirmitee Shubhyog",1889,1451,2023-08-01,MAINTENANCE_CHARGES,8,1,15,0,1,0,2026-02-01,2,0,1,1,0,73333,"2023-07-02 06:19:37",73333,"2026-01-01 00:11:25",NULL,NULL,0,1
"Dhaani's 9 Square",1892,16155,2023-08-01,MAINTENANCE,7,1,14,0,1,0,2026-02-01,1,0,1,1,0,70854,"2023-07-02 14:31:32",172794,"2026-01-01 00:11:31",NULL,NULL,0,1
"Confident Antila 1",1905,2675,2023-08-01,MAINTENANCE_CHARGES,8,1,9,0,1,0,2026-02-01,2,0,1,1,0,73236,"2023-07-08 10:26:01",NULL,"2026-01-01 00:11:35",NULL,NULL,0,1
" Favourite Elegance Apartment",1925,16385,2023-08-01,MAINTENANCE_CHARGE,8,1,6,0,1,0,2026-02-01,2,0,1,1,0,72615,"2023-07-28 05:45:43",NULL,"2026-01-01 00:11:39",NULL,NULL,0,1
"Prime solitaire",1929,16633,2023-08-01,MAINTENANCE_CHARGE,8,1,10,0,1,0,2026-02-01,2,0,1,1,0,73799,"2023-07-28 06:04:38",NULL,"2026-01-01 00:11:42",NULL,NULL,0,1
"Suvega Sunrise ",1930,2125,2023-08-01,MAINTENANCE_CHARGE,7,1,11,0,1,0,2026-02-01,1,0,1,1,0,38965,"2023-07-28 11:52:34",NULL,"2026-01-01 00:11:47",NULL,NULL,0,1
"Jhilmil Co-operative Housing society Ltd",1937,8010,2023-08-01,SERVICE_CHARGES,8,1,16,0,1,0,2026-02-01,2,0,1,1,0,68476,"2023-07-30 14:03:02",NULL,"2026-01-01 00:11:50",NULL,NULL,0,1
"Vaishnavi malhar",1939,16118,2023-08-01,MAINTENANCE_CHARGES,8,1,0,10,1,0,2026-02-01,2,0,1,1,0,70908,"2023-07-31 01:24:26",NULL,"2026-01-01 00:11:53",NULL,NULL,0,1
"Upkar oakland",1941,15020,2023-08-01,CAR_PARKING_CHARGES,8,1,9,0,1,0,2026-02-01,2,0,1,1,0,68381,"2023-07-31 12:33:10",NULL,"2026-01-01 00:12:03",NULL,NULL,0,1
"Vyankatesh City -2, Banglo Owners Co -Operative Housing Society",1944,10707,2023-08-31,MONTHLY_MAINTENANCE_CHARGES,9,1,11,0,1,0,2026-02-01,2,0,1,1,0,42229,"2023-07-31 14:12:56",NULL,"2026-01-01 00:12:07",NULL,NULL,0,1
"VGN Lily Pond",1948,3824,2023-08-01,MAINTENANCE,8,1,10,0,1,0,2026-02-01,2,0,1,1,0,66345,"2023-07-31 16:54:42",NULL,"2026-01-01 00:12:11",NULL,NULL,0,1
"Sri Sai Royale Apartment Owner's Welfare Association",1954,15893,2023-09-01,MAINTENANCE,9,1,9,0,1,0,2026-02-01,2,0,1,1,0,68385,"2023-08-01 06:35:52",NULL,"2026-01-01 00:12:15",NULL,NULL,0,1
"Mayflower Grande - VMS",2025,9977,2023-09-01,MAINTENANCE_CHARGES,9,1,15,5,1,0,2026-02-01,2,0,1,1,0,62785,"2023-08-30 08:32:15",62785,"2026-01-01 00:12:42",NULL,NULL,0,1
"Rupasri County",2031,5413,2023-09-01,RUPASRI_COUNTY_MAINTENANCE_CHARGES,9,1,9,0,1,0,2026-02-01,2,0,1,1,0,106100,"2023-08-30 10:38:08",NULL,"2026-01-01 00:12:48",NULL,NULL,0,1
"Sri Tirumala Ambience",2036,16097,2023-09-01,MAINTENANCE,9,1,5,0,1,0,2026-02-01,2,0,1,1,0,69765,"2023-08-30 17:35:48",NULL,"2026-01-01 00:12:53",NULL,NULL,0,1
"The Sankalp",2043,7624,2023-09-01,MAINTENANCE_CHARGES,9,1,9,0,1,0,2026-02-01,2,0,1,1,0,122615,"2023-08-31 09:02:17",NULL,"2026-01-01 00:13:00",NULL,NULL,0,1
"Shri Krisshna's Brindavan",2046,17398,2023-09-01,MAINTENANCE_CHARGES,9,1,15,0,1,0,2026-02-01,2,0,1,1,0,182496,"2023-08-31 09:59:54",NULL,"2026-01-01 00:13:03",NULL,NULL,0,1
"Vidya Heritage Plaza",2052,9160,2023-09-01,MAINTENANCE_CHARGES,9,1,4,5,1,0,2026-02-01,2,0,1,1,0,72743,"2023-08-31 11:21:17",NULL,"2026-01-01 00:13:08",NULL,NULL,0,1
"sai shakthi enclave",2054,16889,2023-09-01,MAINTENANCE_CHARGES,9,1,14,0,1,0,2026-02-01,2,0,1,1,0,77673,"2023-08-31 14:53:35",NULL,"2026-01-01 00:13:12",NULL,NULL,0,1
"ELITE PARK",2058,16854,2023-09-01,MAINTENANCE_CHARGES,8,1,4,0,1,0,2026-02-01,1,0,1,1,0,77556,"2023-08-31 17:58:28",NULL,"2026-01-01 00:13:15",NULL,NULL,0,1
"Janapriya Utopia phase 2",2063,9888,2023-10-01,MAINTENANCE,10,1,24,0,1,0,2026-02-01,2,0,1,1,0,68524,"2023-09-01 06:44:55",426717,"2026-01-01 00:13:25",NULL,NULL,0,1
" Blue Dice D2 Wing ERP",2064,15451,2023-12-01,MAINTENANCE_CHARGES,12,1,31,0,1,0,2026-02-01,2,0,1,1,0,64604,"2023-09-01 09:06:35",64604,"2026-01-01 00:13:29",NULL,NULL,0,1
"Hi Rise Paradise Apartment",2066,16950,2023-10-01,MAINTENANCE_CHARGES,10,1,9,0,1,0,2026-02-01,2,0,1,1,0,136461,"2023-09-01 11:15:49",NULL,"2026-01-01 00:13:32",NULL,NULL,0,1
"RV Kausthubha",2068,16878,2023-10-01,MAINTENANCE_CHARGES,10,1,14,0,1,0,2026-02-01,2,0,1,1,0,77629,"2023-09-01 11:29:39",NULL,"2026-01-01 00:13:34",NULL,NULL,0,1
"SVSN SPRINGVILLE",2070,12757,2023-10-01,MAINTENANCE_CHARGES,10,1,14,0,1,0,2026-02-01,2,0,1,1,0,50349,"2023-09-03 05:31:49",NULL,"2026-01-01 00:13:36",NULL,NULL,0,1
"Janapriya Utopia Block 3",2076,8159,2023-10-01,MAINTENANCE,9,1,9,0,1,0,2026-02-01,1,0,1,1,0,69410,"2023-09-06 03:17:11",NULL,"2026-01-01 00:13:44",NULL,NULL,0,1
"Sai Priya Infra Serenity",2096,5167,2023-10-01,MAINTENANCE_CHARGES,9,1,9,0,1,0,2026-02-01,1,0,1,1,0,104247,"2023-09-22 15:00:04",NULL,"2026-01-01 00:13:49",NULL,NULL,0,1
"Suvastu Serene Apartment",2115,17017,2023-10-01,MAINTENANCE_CHARGES,10,1,14,0,1,0,2026-02-01,2,0,1,1,0,182518,"2023-09-26 05:34:38",NULL,"2026-01-01 00:13:53",NULL,NULL,0,1
"Shrishti Enclave",2134,15977,2023-10-01,MAINTENANCE,10,1,6,0,1,0,2026-02-01,2,0,1,1,0,185290,"2023-09-29 08:08:16",NULL,"2026-01-01 00:14:05",NULL,NULL,0,1
"Swaminarayan Park 2 Block C",2160,17734,2023-11-01,MAINTENANCE,11,1,9,0,0,0,2026-02-01,2,0,1,1,0,188899,"2023-10-02 06:06:34",416179,"2026-01-01 00:14:07",NULL,NULL,0,1
"Palm Groves",2164,1658,2023-11-01,MAINTENANCE_CHARGES,11,1,7,5,1,0,2026-02-01,2,0,1,1,0,181871,"2023-10-02 22:15:05",NULL,"2026-01-01 00:14:25",NULL,NULL,0,1
"Aeropolis PH 2 E Wing",2201,14512,2023-11-01,MAINTENANCE_CHARGES,11,1,10,0,1,0,2026-02-01,2,0,1,1,0,58431,"2023-10-27 05:43:38",166326,"2026-01-01 00:14:33",NULL,NULL,0,1
"S2 Zinnia",2203,17890,2023-12-01,MAINTENANCE_CHARGE,12,1,10,0,1,0,2026-02-01,2,0,1,0,0,191911,"2023-10-28 12:35:42",418885,"2026-01-03 14:40:27",NULL,NULL,0,1
"Balaji Aavaas",2212,10262,2023-11-01,MAINTANANCE_CHARGE,11,1,9,0,1,0,2026-02-01,2,0,1,1,0,192508,"2023-10-30 07:28:24",192508,"2026-01-01 00:14:40",NULL,NULL,0,1
"SLV Royal",2214,8691,2023-11-01,MAINTENANCE_CHARGES,11,1,10,0,1,0,2026-02-01,2,0,1,1,0,194253,"2023-10-30 07:34:09",NULL,"2026-01-01 00:14:43",NULL,NULL,0,1
"Satyam Apartment",2218,17776,2023-11-01,MAINTENANCE,11,1,6,3,1,0,2026-02-01,2,0,1,1,0,194331,"2023-10-30 15:20:32",NULL,"2026-01-01 00:14:45",NULL,NULL,0,1
"The Address H wing - ERP system ",2227,17982,2024-01-01,MONTHLY_MAINTENANCE_CHARGES,1,1,9,0,1,0,2026-02-01,2,0,1,1,0,194017,"2023-10-31 10:00:55",210235,"2026-01-01 00:15:06",NULL,NULL,0,1
"Mahaveer Cottage",2230,7494,2023-11-01,MAINTENANCE_CHARGES,11,1,10,0,1,0,2026-02-01,2,0,1,1,0,64160,"2023-10-31 12:50:22",NULL,"2026-01-01 00:15:10",NULL,NULL,0,1
"GREENALY SIGNATURE",2239,6321,2023-12-01,MAINTENANCE_CHARGES,12,1,6,3,1,0,2026-02-01,2,0,1,1,0,190574,"2023-11-01 03:23:16",50299,"2026-01-01 00:15:20",NULL,NULL,0,1
"Royal Palace Apartment",2253,10694,2023-12-01,MAINTENANCE_CHARGES,12,1,10,0,1,0,2026-02-01,2,0,1,1,0,60674,"2023-11-02 11:27:24",NULL,"2026-01-01 00:15:23",NULL,NULL,0,1
"Aakruthi Homes",2269,17198,2023-12-01,MAINTENANCE_CHARGES,12,1,9,0,1,0,2026-02-01,2,0,1,1,0,185998,"2023-11-08 16:17:52",190431,"2026-01-01 00:15:28",NULL,NULL,0,1
"Hi Rise Meadows Villa Owners Mutually Aided Cooperative Maintenance Society Ltd. ",2270,16406,2023-12-01,MAINTENANCE,12,1,9,0,1,0,2026-02-01,2,0,1,1,0,72842,"2023-11-14 10:35:59",NULL,"2026-01-01 00:15:37",NULL,NULL,0,1
"ARV new town B3",2286,17726,2023-12-01,MAINTENANCE_CHARGES,12,1,15,0,1,0,2026-02-01,2,0,1,1,0,188836,"2023-11-22 13:30:45",188957,"2026-01-01 00:15:39",NULL,NULL,0,1
"Hansa pearl",2293,10124,2023-12-01,MAINTENANCE,12,1,9,0,1,0,2026-02-01,2,0,1,1,0,39913,"2023-11-28 11:34:55",NULL,"2026-01-01 00:15:42",NULL,NULL,0,1
"Alba Monarch Apartments",2297,8698,2023-12-01,MAINTENANCE_CHARGES,12,1,9,0,1,0,2026-02-01,2,0,1,1,0,70888,"2023-11-29 09:36:47",NULL,"2026-01-01 00:15:46",NULL,NULL,0,1
"Buildwell heights",2298,5428,2023-12-01,MAINTENANCE_BILL,12,1,6,0,1,0,2026-02-01,2,0,1,1,0,72029,"2023-11-29 09:41:03",NULL,"2026-01-01 00:15:49",NULL,NULL,0,1
"Sai siri heritage",2299,12857,2023-12-01,MAINTENANCE_CHARGE,12,1,9,0,1,0,2026-02-01,2,0,1,1,0,172638,"2023-11-29 09:43:43",NULL,"2026-01-01 00:15:53",NULL,NULL,0,1
"Green medows",2302,10296,2023-12-01,MAINTENANCE,12,1,4,0,1,0,2026-02-01,2,0,1,1,0,149328,"2023-11-29 10:11:43",NULL,"2026-01-01 00:15:55",NULL,NULL,0,1
"VR Meadows",2304,4697,2023-12-01,MAINTENANCE_CHARGES,12,1,7,0,1,0,2026-02-01,2,0,1,1,0,68016,"2023-11-29 10:44:47",NULL,"2026-01-01 00:16:01",NULL,NULL,0,1
"Richmond pride_Phase 2A_ERP",2305,11782,2023-12-01,PH2A_MAINTENANCE_CHARGES,12,1,9,0,1,0,2026-02-01,2,0,1,1,0,51213,"2023-11-29 10:47:09",NULL,"2026-01-01 00:16:06",NULL,NULL,0,1
"BHAGYA ENCLAVE",2313,18180,2023-12-01,MAINTENANCE_CHARGES,12,1,30,0,1,0,2026-02-01,2,0,1,1,0,203766,"2023-11-30 18:01:32",NULL,"2026-01-01 00:16:09",NULL,NULL,0,1
"Vakil Marigold ",2315,16265,2024-01-01,MAINTENANCE_CHARGES,1,1,10,5,1,0,2026-02-01,2,0,1,1,0,189314,"2023-12-01 05:12:38",NULL,"2026-01-01 00:16:12",NULL,NULL,0,1
Swapnaganga,2318,17563,2024-01-01,MAINTENANCE_CHARGE,1,1,30,0,1,0,2026-02-01,2,0,1,1,0,185487,"2023-12-01 06:15:46",NULL,"2026-01-01 00:16:15",NULL,NULL,0,1
"MANJUNATHA RESIDENCY A BLOCK",2335,7804,2024-01-01,MAINTENANCE_CHARGES,1,1,11,0,1,0,2026-02-01,2,0,1,1,0,138730,"2023-12-04 11:37:11",NULL,"2026-01-01 00:16:18",NULL,NULL,0,1
" K Block Sector 51",2337,6463,2024-01-01,MAINTENANCE,1,1,10,0,0,0,2026-02-01,2,0,1,1,0,204504,"2023-12-05 06:03:10",204504,"2026-01-01 00:16:21",NULL,NULL,0,1
"Millennium Apartment",2343,3645,2024-01-01,MAINTENANCE,1,1,30,0,0,0,2026-02-01,2,0,1,1,0,188194,"2023-12-06 09:19:05",NULL,"2026-01-01 00:16:40",NULL,NULL,0,1
"Sri Sai ikon",2359,17767,2024-01-01,MONTHLY_MAINTENANCE_CHARGES,1,1,10,0,1,0,2026-02-01,2,0,1,1,0,193453,"2023-12-18 05:58:35",NULL,"2026-01-01 00:16:50",NULL,NULL,0,1
"Suavity Amuulya",2360,5528,2024-01-01,MAINTENANCE,1,1,7,0,1,0,2026-02-01,2,0,1,1,0,68883,"2023-12-18 06:05:00",31101,"2026-01-01 00:16:53",NULL,NULL,0,1
"Mahaveer Wilton",2367,13059,2024-01-01,MAINTENANCE,1,1,9,0,1,0,2026-02-01,2,0,1,1,0,164937,"2023-12-21 11:16:01",NULL,"2026-01-01 00:16:56",NULL,NULL,0,1
"VMR Gemini Signature",2370,10680,2024-01-01,MAINTENANCE_CHARGES,12,1,19,0,1,0,2026-02-01,1,0,1,1,0,161526,"2023-12-21 11:29:28",NULL,"2026-01-01 00:17:00",NULL,NULL,0,1
"SHOLINGA'S SPRING FIELDS",2371,5895,2024-01-01,MAINTENANCE,1,1,29,0,1,0,2026-02-01,2,0,1,1,0,110537,"2023-12-21 11:32:19",NULL,"2026-01-01 00:17:04",NULL,NULL,0,1
"ASIAN Laasya",2372,6975,2024-01-01,MAINTANANCE,12,1,19,0,1,0,2026-02-01,1,0,1,1,0,77745,"2023-12-21 11:35:15",NULL,"2026-01-01 00:17:07",NULL,NULL,0,1
"Siddhartha Sapphire",2377,8818,2024-01-01,MAINTENANCE_CHARGES,1,1,10,0,1,0,2026-02-01,2,0,1,1,0,193334,"2023-12-24 09:42:13",NULL,"2026-01-01 00:17:09",NULL,NULL,0,1
"SMR CRYSTAL",2380,7036,2024-01-01,MAINTANANCE_CHARGE,12,1,6,2,1,0,2026-02-01,1,0,1,1,0,119694,"2023-12-26 09:58:46",NULL,"2026-01-01 00:17:12",NULL,NULL,0,1
"Shivalik Homes",2402,3078,2024-01-01,MAINTENANCE_CHARGES,1,1,14,0,0,0,2026-02-01,2,0,1,1,0,176993,"2023-12-29 18:40:09",NULL,"2026-01-01 00:17:29",NULL,NULL,0,1
"Keerthi Flora Apartments",2407,13452,2024-12-01,MAINTENANCE_CHARGES,12,1,9,0,1,0,2026-02-01,2,0,1,1,0,204108,"2023-12-30 09:24:11",53069,"2026-01-01 00:18:12",NULL,NULL,0,1
"Vibha Elite",2411,11680,2024-01-01,MAINTENANCE_CHARGES,1,1,6,3,1,0,2026-02-01,2,0,1,1,0,46099,"2023-12-31 01:33:33",157287,"2026-01-01 00:18:14",NULL,NULL,0,1
"80 Trees",2416,11117,2024-02-01,MONTHLY_MAINTENANCE,2,1,12,0,1,0,2026-02-01,2,0,1,1,0,154741,"2023-12-31 17:28:28",NULL,"2026-01-01 00:18:20",NULL,NULL,0,1
"SV Pleasanta",2420,1440,2024-01-01,GARBAGE_COLLECTION_CHARGE,1,1,5,1,1,0,2026-02-01,2,0,1,1,0,37893,"2024-01-01 01:07:11",NULL,"2026-01-01 00:18:24",NULL,NULL,0,1
"MSR CROWN IMPERIALS",2425,10164,2024-01-01,MAINTENANCE_CHARGES,12,1,7,0,1,0,2026-02-01,1,0,1,1,0,200380,"2024-01-01 06:22:18",200380,"2026-01-01 00:18:30",NULL,NULL,0,1
"DLR Sai Samruddhi",2452,8890,2024-02-01,MAINTENANCE_CHARGES,2,1,6,5,1,0,2026-02-01,2,0,1,1,0,211824,"2024-01-14 14:16:49",NULL,"2026-01-01 00:18:47",NULL,NULL,0,1
"Sai Sarovar Appartment Bellandur",2473,18102,2024-02-01,MAINTENANCE_FEES,2,1,5,5,1,0,2026-02-01,2,0,1,1,0,199442,"2024-01-30 04:01:07",NULL,"2026-01-01 00:18:51",NULL,NULL,0,1
"SKYi Songbirds Tower - 4 A",2502,18555,2024-03-01,MAINTENANCE_CHARGES,3,1,19,0,1,0,2026-02-01,2,0,1,1,0,211447,"2024-02-02 05:01:41",NULL,"2026-01-01 00:18:54",NULL,NULL,0,1
"Pavani Pleasant",2537,1046,2024-03-01,MAINTENANCE_CHARGES,3,1,10,0,1,0,2026-02-01,2,0,1,1,0,60866,"2024-02-22 11:06:54",NULL,"2026-01-01 00:18:58",NULL,NULL,0,1
"Mangal Vishwa D wing ",2540,18365,2024-03-01,MAINTENANCE_CHARGES,3,1,14,0,1,0,2026-02-01,2,0,1,1,0,209763,"2024-02-24 04:49:25",NULL,"2026-01-01 00:19:02",NULL,NULL,0,1
"Srinidhi The Central Park",2552,15526,2024-03-01,MAINTENANCE_CHARGES,3,1,6,0,1,0,2026-02-01,2,0,1,1,0,182915,"2024-02-29 07:58:26",NULL,"2026-01-01 00:19:09",NULL,NULL,0,1
"sln greens",2562,16680,2024-03-01,MAINTENANCE_CHARGES,3,1,10,0,1,0,2026-02-01,2,0,1,1,0,191780,"2024-02-29 13:35:00",359520,"2026-01-01 00:19:14",NULL,NULL,0,1
"Vanshee Citadel",2566,711,2024-04-01,MAINTENANCE,3,1,13,0,1,0,2026-02-01,1,0,1,1,0,85647,"2024-02-29 17:27:18",NULL,"2026-01-01 00:19:17",NULL,NULL,0,1
"Maple Homes Jasmine",2567,18760,2024-03-01,MAINTENANCE_CHARGES,3,1,4,0,1,0,2026-02-01,2,0,1,1,0,219720,"2024-02-29 17:34:35",219720,"2026-01-01 00:19:21",NULL,NULL,0,1
"Mantra Park View B-2 Hsg. Society",2568,18696,2024-03-01,MAINTENANCE_CHARGES,3,1,14,0,1,0,2026-02-01,2,0,1,1,0,214261,"2024-02-29 17:52:30",NULL,"2026-01-01 00:19:24",NULL,NULL,0,1
"Shrishti Anmol,Thindlu",2579,16945,2024-04-01,MAINTENANCE_CHARGES,3,1,10,5,1,0,2026-02-01,1,0,1,1,0,194631,"2024-03-02 08:05:08",177960,"2026-01-01 00:19:28",NULL,NULL,0,1
"Skygold Jeevan Keerthi Commanders Aeroview",2584,10988,2024-04-01,MAINTENANCE_CHARGES,4,1,11,0,1,0,2026-02-01,2,0,1,1,0,60273,"2024-03-05 11:24:52",NULL,"2026-01-01 00:19:33",NULL,NULL,0,1
"Creative Shree Nilaya Apartments",2606,18894,2024-04-01,MAINTENANCE_CHARGES,4,1,0,10,1,0,2026-02-01,2,0,1,1,0,225710,"2024-03-15 05:24:28",NULL,"2026-01-01 00:19:36",NULL,NULL,0,1
"Unity Apartments",2613,125,2024-04-01,MAINTENANCE,4,1,10,0,0,0,2026-02-01,2,0,1,1,0,5107,"2024-03-20 14:41:09",NULL,"2026-01-01 00:19:46",NULL,NULL,0,1
"Arihant aanchal",2616,15521,2024-04-01,MAINTENANCE,4,1,7,30,1,0,2026-02-01,2,0,1,1,0,225070,"2024-03-21 10:29:53",NULL,"2026-01-01 00:20:06",NULL,NULL,0,1
"80 Trees",2626,11117,2024-04-01,REIMBURSEMENT_FOR_CONSUMABLES,4,1,7,0,1,0,2026-02-01,2,0,1,1,0,154741,"2024-03-28 08:14:55",NULL,"2026-01-01 00:20:09",NULL,NULL,0,1
"MM Karim",2630,6881,2024-04-01,COMMON_MAINTENANCE_CHARGES,4,1,14,0,1,0,2026-02-01,2,0,1,1,0,118296,"2024-03-28 13:40:28",NULL,"2026-01-01 00:20:14",NULL,NULL,0,1
"Jasmine Green-1 ",2631,7929,2024-04-01,MAINTENANCE,4,1,14,0,0,0,2026-02-01,2,0,1,1,0,182470,"2024-03-28 13:49:46",NULL,"2026-01-01 00:20:34",NULL,NULL,0,1
"Watan Residency",2633,18018,2024-03-29,MAINTENANCE_CHARGES,4,1,7,0,1,0,2026-02-01,2,0,1,1,0,214944,"2024-03-28 13:54:17",295291,"2026-01-01 00:20:35",NULL,NULL,0,1
"Viniyog Waterfront Co-Op. Housing Society",2636,14883,2024-04-01,MAINTENANCE_CHARGES,4,1,11,0,1,0,2026-02-01,2,0,1,1,0,168508,"2024-03-28 15:18:58",NULL,"2026-01-01 00:20:41",NULL,NULL,0,1
"Siyona C1 C2 CHS Ltd",2665,18588,2024-04-01,MONTHLY_MAINTENANCE_CHARGE,4,1,14,0,1,0,2026-02-01,2,0,1,1,0,212082,"2024-03-31 15:25:03",234636,"2026-01-01 00:20:49",NULL,NULL,0,1
"Whitestone Rosario",2675,12624,2024-05-01,MAINTENANCE_BILL,5,1,5,5,1,0,2026-02-01,2,0,1,1,0,68549,"2024-04-01 03:58:39",411964,"2026-01-01 00:20:52",NULL,NULL,0,1
"sai varenya park view thurahalli",2677,17307,2024-05-01,MAINTENANCE_CHARGES,4,1,7,0,1,0,2026-02-01,1,0,1,1,0,196174,"2024-04-01 04:15:35",NULL,"2026-01-01 00:21:04",NULL,NULL,0,1
"Radiant casa",2680,10101,2024-05-01,MAINTENANCE,5,1,5,0,0,0,2026-02-01,2,0,1,1,0,72527,"2024-04-01 05:35:10",NULL,"2026-01-01 00:21:08",NULL,NULL,0,1
"Reliaable magnolia",2691,11571,2024-05-01,MAINTENANCE_CHARGES,5,1,23,0,1,0,2026-02-01,2,0,1,1,0,156969,"2024-04-02 11:49:19",NULL,"2026-01-01 00:21:14",NULL,NULL,0,1
"Nandadeep Apartments CHSL",2692,19034,2024-05-01,MAINTENANCE_CHARGES,5,1,9,0,1,0,2026-02-01,2,0,1,1,0,229706,"2024-04-03 13:49:54",NULL,"2026-01-01 00:21:15",NULL,NULL,0,1
"Shree Shinay 45 Co Operative Housing Services Society Limited",2695,17237,2024-05-01,MAINTENANCE_CHARGES_NEW,5,1,30,0,1,0,2026-02-01,2,0,1,1,0,201418,"2024-04-04 11:06:22",NULL,"2026-01-01 00:21:17",NULL,NULL,0,1
"Ritz Navalakha",2701,18954,2024-05-01,MAINTENANCE_CHARGES,5,1,14,0,1,0,2026-02-01,2,0,1,1,0,234213,"2024-04-07 10:19:04",NULL,"2026-01-01 00:21:26",NULL,NULL,0,1
"Swapnil Enclave Condominium",2703,8957,2024-05-01,MAINTENANCE_CHARGES,5,1,9,0,0,0,2026-02-01,2,0,1,1,0,137908,"2024-04-08 07:27:41",NULL,"2026-01-01 00:21:32",NULL,NULL,0,1
"SR UDAYAGIRI VILLAS",2705,19137,2024-05-01,MAINTENANCE_CHARGES,4,1,14,0,1,0,2026-02-01,1,0,1,1,0,235592,"2024-04-09 08:15:56",NULL,"2026-01-01 00:21:34",NULL,NULL,0,1
"Bhoomi Orabelle Phase - II Wing D CHS Ltd.",2719,19120,2024-05-01,MONTHLY_MAINTENANCE_CHARGES,5,1,9,0,1,0,2026-02-01,2,0,1,1,0,234936,"2024-04-14 05:46:13",NULL,"2026-01-01 00:21:37",NULL,NULL,0,1
"G K Arise",2742,16808,2024-05-01,MAINTENANCE_CHARGES,5,1,15,0,1,0,2026-02-01,2,0,1,1,0,233894,"2024-04-24 07:56:18",NULL,"2026-01-01 00:21:54",NULL,NULL,0,1
" Sri Sai Grand Homes",2767,9157,2024-05-01,MAINTENANCE_CHARGES,4,1,9,0,1,0,2026-02-01,1,0,1,1,0,234708,"2024-04-30 11:23:35",NULL,"2026-01-01 00:21:58",NULL,NULL,0,1
"Shankra Residency",2776,4339,2024-06-01,MONTHLY_MAINTENANCE_CHARGES,6,1,7,0,1,0,2026-02-01,2,0,1,1,0,58174,"2024-05-01 03:56:23",NULL,"2026-01-01 00:22:25",NULL,NULL,0,1
"TOLLY TWIN PABITRA GARDEN APARTMENT OWNERS ASSOCIATION",2777,18927,2024-06-01,MAINTENANCE_CHARGES,6,1,29,0,1,0,2026-02-01,2,0,1,1,0,233601,"2024-05-01 04:13:45",NULL,"2026-01-01 00:22:28",NULL,NULL,0,1
"purvi pristine",2785,17577,2024-06-01,MONTHLY_MAINTENANCE_CHARGES,6,1,12,0,1,0,2026-02-01,2,0,1,1,0,243913,"2024-05-02 07:18:43",NULL,"2026-01-01 00:22:32",NULL,NULL,0,1
"Praneeth Pranav Blooms",2789,15617,2024-06-01,MAINTENANCE_CHARGES,6,1,29,0,1,0,2026-02-01,2,0,1,1,0,223844,"2024-05-05 11:19:15",NULL,"2026-01-01 00:22:34",NULL,NULL,0,1
"Sriven Exotica",2803,6367,2024-06-01,MAINTENANCE_CHARGES,6,1,10,0,1,0,2026-02-01,2,0,1,1,0,182415,"2024-05-11 14:52:53",NULL,"2026-01-01 00:22:40",NULL,NULL,0,1
"Balaji crystal",2815,19077,2024-06-01,MAINTENANCE_CHARGES,6,1,10,0,1,0,2026-02-01,2,0,1,1,0,236192,"2024-05-17 12:42:42",NULL,"2026-01-01 00:22:44",NULL,NULL,0,1
"GK Tropical Springs",2819,18999,2024-06-01,MAINTENANCE_CHARGES,6,1,10,0,1,0,2026-02-01,2,0,1,1,0,242365,"2024-05-19 06:41:27",NULL,"2026-01-01 00:22:53",NULL,NULL,0,1
"ANURAG SIRI APARTMENTS",2823,2244,2024-06-01,MAINTENANCE_BILL,5,1,10,0,1,0,2026-02-01,1,0,1,1,0,56081,"2024-05-20 07:32:00",NULL,"2026-01-01 00:22:58",NULL,NULL,0,1
"CONFIDENT INDUS",2830,5797,2024-06-01,MAINTENANCE_CHARGES,6,1,15,0,1,0,2026-02-01,2,0,1,1,0,69330,"2024-05-22 13:46:41",NULL,"2026-01-01 00:23:06",NULL,NULL,0,1
"Panchmukhi Paradise",2841,9467,2024-06-01,MAINTENANCE,5,1,10,1,1,0,2026-02-01,1,0,1,1,0,169551,"2024-05-29 03:58:46",NULL,"2026-01-01 00:23:15",NULL,NULL,0,1
"Kalka Residency",2846,19289,2024-06-01,MAINTENANCE_CHARGES,6,1,9,0,1,0,2026-02-01,2,0,1,1,0,242843,"2024-05-29 12:12:57",242848,"2026-01-01 00:23:16",NULL,NULL,0,1
"Radiant Elitaire",2848,12245,2024-06-01,MONTHLYMAINTENANCE,6,1,9,5,1,0,2026-02-01,2,0,1,1,0,204047,"2024-05-29 12:37:27",204047,"2026-01-01 00:23:24",NULL,NULL,0,1
"Bhoomi Kshitij",2856,18937,2024-06-01,MAINTENANCE_CHARGES,6,1,9,0,1,0,2026-02-01,2,0,1,1,0,233444,"2024-05-30 13:40:50",NULL,"2026-01-01 00:23:27",NULL,NULL,0,1
"Bhoomi Kshitij",2857,18937,2024-06-01,MAINTENANCE_CHARGES_TENANT,6,1,9,0,1,0,2026-02-01,2,0,1,1,0,233444,"2024-05-30 13:41:10",NULL,"2026-01-01 00:23:29",NULL,NULL,0,1
"AIS Residency",2861,19201,2024-06-01,MAINTENANCE_CHARGES,6,1,7,0,1,0,2026-02-01,2,0,1,1,0,246294,"2024-05-31 11:18:11",NULL,"2026-01-01 00:23:36",NULL,NULL,0,1
"Klassik Landmark Apartment Owners Cooperative Society Ltd",2866,17419,2024-06-01,MAINTENANCE_CHARGES,6,1,9,0,1,0,2026-02-01,2,0,1,1,0,203771,"2024-05-31 12:44:40",NULL,"2026-01-01 00:24:05",NULL,NULL,0,1
"TNR North City Residences",2867,19212,2024-06-01,MAINTENANCE_CHARGES,6,1,10,0,1,0,2026-02-01,2,0,1,1,0,240957,"2024-05-31 13:21:57",NULL,"2026-01-01 00:24:07",NULL,NULL,0,1
"Linea sunflower apartments",2869,18160,2024-06-01,MAINTENANCE_CHARGES,6,1,10,0,1,0,2026-02-01,2,0,1,0,0,214714,"2024-05-31 16:19:37",401249,"2026-01-01 00:24:10",NULL,NULL,0,1
"Manjeera Smart Homes",2888,19136,2024-07-01,MAINTENANCE_CHARGES,7,1,14,0,1,0,2026-02-01,2,0,1,1,0,242995,"2024-06-02 07:09:04",348417,"2026-01-01 00:24:15",NULL,NULL,0,1
SOWA-Shantiniketan,2889,16802,2024-07-01,MONTHLY_SUBSCRIPTION,7,1,10,1,1,0,2026-02-01,2,0,1,1,0,205686,"2024-06-02 13:19:34",NULL,"2026-01-01 00:24:26",NULL,NULL,0,1
"Parimala Elite",2895,16549,2024-07-01,MAINTENANCE_CHARGES,7,1,9,0,1,0,2026-02-01,2,0,1,1,0,187869,"2024-06-04 08:12:03",NULL,"2026-01-01 00:24:28",NULL,NULL,0,1
"Prabhavathi Woods",2913,2176,2024-07-01,MAINTENANCE,7,1,10,0,0,0,2026-02-01,2,0,1,1,0,61553,"2024-06-13 17:59:00",NULL,"2026-01-01 00:24:33",NULL,NULL,0,1
"Lakefield Homes",2914,1857,2024-07-01,MAINTANANCE,7,1,10,0,0,0,2026-02-01,2,0,1,1,0,61049,"2024-06-13 18:01:38",NULL,"2026-01-01 00:24:37",NULL,NULL,0,1
"Tara Estate",2922,18695,2024-07-01,MONTHLY_MAINTENANCE,7,1,30,0,1,0,2026-02-01,2,0,1,1,0,214229,"2024-06-16 14:29:03",NULL,"2026-01-01 00:24:53",NULL,NULL,0,1
"Sri Balaji Pride",2960,19505,2024-08-01,MAINTENANCE_CHARGES,8,1,15,0,1,0,2026-02-01,2,0,1,1,0,252894,"2024-06-29 09:34:27",NULL,"2026-01-01 00:24:54",NULL,NULL,0,1
"Apurva ethreal",2981,18815,2024-08-01,MAINTENANCE_CHARGES,8,1,25,2,1,0,2026-02-01,2,0,1,1,0,242212,"2024-07-02 12:19:35",242212,"2026-01-01 00:24:55",NULL,NULL,0,1
"Sita Rama Homes",2983,19389,2024-08-01,MAINTENANCE_CHARGES,8,1,7,7,1,0,2026-02-01,2,0,1,1,0,251289,"2024-07-04 06:32:26",251289,"2026-01-01 00:24:57",NULL,NULL,0,1
"Happy Nest",2984,18779,2024-08-01,MAINTENANCE_CHARGES,8,1,4,0,1,0,2026-02-01,2,0,1,1,0,261337,"2024-07-04 08:45:58",407186,"2026-01-01 00:25:00",NULL,NULL,0,1
"Galaxy Pine Court",2988,18963,2024-08-01,MONTHLY_MAINTENANCE_CHARGES,7,1,9,0,1,0,2026-02-01,1,0,1,1,0,253305,"2024-07-07 14:44:25",NULL,"2026-01-01 00:25:03",NULL,NULL,0,1
"Janapriya sai dharshan",3002,19376,2024-08-01,COMMON_AREA_MAINTENANCE_CHARGES,8,1,10,0,1,0,2026-02-01,2,0,1,1,0,248541,"2024-07-13 07:15:33",NULL,"2026-01-01 00:25:24",NULL,NULL,0,1
"Surya City LIG 4 Apartment Owners Association",3009,15563,2024-08-01,MAINTENANCE,8,1,30,0,1,0,2026-02-01,2,0,1,1,0,65291,"2024-07-17 06:16:45",260362,"2026-01-01 00:25:34",NULL,NULL,0,1
"Pyramid Banskia & Mahika",3010,17808,2024-08-01,MAINTENANCE_CHARGES,7,1,10,0,1,0,2026-02-01,1,0,1,1,0,226888,"2024-07-17 07:17:30",226888,"2026-01-01 00:25:49",NULL,NULL,0,1
"Pyramid Banskia & Mahika",3011,17808,2024-08-01,BWSSB_KAVERI_WATER_CHARGES,7,1,10,0,1,0,2026-02-01,1,0,1,1,0,226888,"2024-07-17 07:19:41",NULL,"2026-01-01 00:26:01",NULL,NULL,0,1
"Shree Keerthy Elite Apartment",3019,19140,2024-08-01,MAINTENANCE_CHARGES,8,1,11,0,1,0,2026-02-01,2,0,1,1,0,239510,"2024-07-20 07:17:53",NULL,"2026-01-01 00:26:04",NULL,NULL,0,1
" Sai City",3037,19653,2024-08-01,MAINTENANCE_CHARGES,8,1,9,1,1,0,2026-02-01,2,0,1,0,0,259424,"2024-07-28 07:42:07",413084,"2026-01-27 10:58:00",NULL,NULL,0,1
"Sashank Aikhya",3056,1377,2024-08-01,MAINTENANCE_CHARGES,8,1,30,10,1,0,2026-02-01,2,0,1,1,0,69651,"2024-07-30 17:15:37",388880,"2026-01-01 00:26:13",NULL,NULL,0,1
"Subha 9 Sky Vue",3061,19652,2024-08-01,MAINTENANCE_CHARGES,8,1,10,5,1,0,2026-02-01,2,0,1,1,0,259397,"2024-07-31 08:16:13",259415,"2026-01-01 00:26:21",NULL,NULL,0,1
"Garuda Park Square",3067,12367,2024-09-01,MAINTENANCE_CHARGES,8,1,8,5,1,0,2026-02-01,1,0,1,1,0,254162,"2024-08-01 05:33:14",NULL,"2026-01-01 00:26:28",NULL,NULL,0,1
"Elegant Pride",3071,937,2024-09-01,MAINTENANCE_CHARGES,9,1,14,0,1,0,2026-02-01,2,0,1,1,0,61549,"2024-08-01 06:38:52",NULL,"2026-01-01 00:26:36",NULL,NULL,0,1
"Polaris aanand",3073,9229,2024-09-01,MAINTENANCE,9,1,14,0,1,0,2026-02-01,2,0,1,1,0,183054,"2024-08-01 11:43:50",NULL,"2026-01-01 00:26:59",NULL,NULL,0,1
"The Grand Edifice Apartments",3075,823,2024-09-01,MAINTENANCE_CHARGES,9,1,10,0,1,0,2026-02-01,2,0,1,1,0,86766,"2024-08-02 06:14:22",NULL,"2026-01-01 00:27:06",NULL,NULL,0,1
"Solitaire Palms C wing",3089,19887,2024-09-01,MAINTENANCE_CHARGES,9,1,14,0,1,0,2026-02-01,2,0,1,1,0,270048,"2024-08-04 04:16:39",296775,"2026-01-01 00:27:10",NULL,NULL,0,1
"D Block Swaminarayan Park 2",3097,19882,2024-09-01,MAINTENANCE_CHARGES,9,1,9,0,1,0,2026-02-01,2,0,1,1,0,269616,"2024-08-06 10:06:25",269616,"2026-01-01 00:27:12",NULL,NULL,0,1
"Lok Anand Apartment",3110,19663,2024-08-31,MAINTENANCE_CHARGES,9,1,9,0,1,0,2026-02-01,2,0,1,1,0,259700,"2024-08-12 07:06:31",281328,"2026-01-01 00:27:13",NULL,NULL,0,1
"MAITHRI PRIDE",3119,9700,2024-09-01,MAINTENANCE_CHARGES,8,1,4,0,1,0,2026-02-01,1,0,1,1,0,37944,"2024-08-14 11:03:24",NULL,"2026-01-01 00:27:19",NULL,NULL,0,1
"SLV Green City",3146,8657,2024-09-01,MAINTENANCE_CHARGES,9,1,30,30,1,0,2026-02-01,2,0,1,1,0,270193,"2024-08-26 05:59:02",405114,"2026-01-01 00:27:23",NULL,NULL,0,1
"Lucky Residency",3149,19757,2024-09-01,MAINTENANCE_CHARGES,9,1,10,0,1,0,2026-02-01,2,0,1,1,0,266940,"2024-08-26 07:07:15",NULL,"2026-01-01 00:27:03",NULL,NULL,0,1
"Praneeth Jagruthi Elite",3161,11053,2024-08-31,MAINTENANCE_Q4,9,1,5,5,1,0,2026-02-01,2,0,1,1,0,262654,"2024-08-28 13:30:30",301916,"2026-01-01 00:27:09",NULL,NULL,0,1
"JAGDAMBA APARTMENT-1",3164,18460,2024-09-01,MAINTENANCE_CHARGES,9,1,6,0,1,0,2026-02-01,2,0,1,1,0,243652,"2024-08-29 06:49:38",NULL,"2026-01-01 00:27:12",NULL,NULL,0,1
"Radiant Jasmine Terrace",3175,13156,2024-10-01,MAINTENANCE_CHARGES,10,1,15,0,1,0,2026-02-01,2,0,1,1,0,276621,"2024-08-30 11:30:05",NULL,"2026-01-01 00:27:16",NULL,NULL,0,1
"Eshwari oak dale",3184,1557,2024-09-01,CORPUS_FUND,9,1,10,5,1,0,2026-02-01,2,0,1,1,0,52475,"2024-08-31 17:49:33",NULL,"2026-01-01 00:27:18",NULL,NULL,0,1
"Malibu Rising City",3186,6073,2024-10-01,MAINTANANCE_BILL,10,1,9,0,1,0,2026-02-01,2,0,1,1,0,62560,"2024-09-01 03:45:30",NULL,"2026-01-01 00:27:24",NULL,NULL,0,1
"MBM Mandevilla",3204,19110,2024-10-01,MONTHLY_MAINTAINENCE,10,1,10,0,1,0,2026-02-01,2,0,1,1,0,234541,"2024-09-04 12:09:03",NULL,"2026-01-01 00:27:27",NULL,NULL,0,1
"Shri Bhagwati Nagar Row House ",3210,17865,2024-10-01,MAINTENANCE_CHARGES,10,1,9,0,1,0,2026-02-01,2,0,1,1,0,284793,"2024-09-06 10:56:36",NULL,"2026-01-01 00:27:28",NULL,NULL,0,1
"Keerthi Flora Apartment",3222,20034,2024-10-01,MAINTENANCE_CHARGES,10,1,9,9,1,0,2026-02-01,2,0,1,1,0,282888,"2024-09-13 10:08:48",NULL,"2026-01-01 00:27:29",NULL,NULL,0,1
"Mahaveer cygnet",3232,9794,2024-10-01,MAINTENANCE_CHARGES,10,1,10,10,1,0,2026-02-01,2,0,1,1,0,277565,"2024-09-20 06:12:20",401308,"2026-01-01 00:27:32",NULL,NULL,0,1
"BANAS APARTMENT ",3241,12029,2024-10-01,MAINTENANCE_CHARGES,10,1,9,0,1,0,2026-02-01,2,0,1,1,0,282389,"2024-09-26 09:48:03",NULL,"2026-01-01 00:27:35",NULL,NULL,0,1
"Jai Ganesh Plaza",3257,20134,2024-11-01,MAINTENANCE_CHARGES,11,1,10,0,1,0,2026-02-01,2,0,1,1,0,294045,"2024-09-28 10:18:02",NULL,"2026-01-01 00:27:37",NULL,NULL,0,1
"Kristal Dolomite",3262,848,2024-10-01,MONTHLY_MAINTAINANCE,10,1,7,2,1,0,2026-02-01,2,0,1,1,0,194524,"2024-09-28 12:57:40",373767,"2026-01-29 12:08:53",NULL,NULL,0,1
"Sri Sai Paradise",3265,1543,2024-10-01,NEW_MAINTENANCE,9,1,0,0,1,0,2026-02-01,1,0,1,1,0,248722,"2024-09-29 06:54:16",NULL,"2026-01-01 00:27:51",NULL,NULL,0,1
"Mangal murti ",3274,8817,2024-10-01,MAINTENANCE_BILL,10,1,30,0,1,0,2026-02-01,2,0,1,1,0,281886,"2024-09-30 07:35:23",NULL,"2026-01-01 00:27:58",NULL,NULL,0,1
"Serenity Park",3280,12393,2024-11-01,MAINTENANCE_CHARGES,11,1,10,0,1,0,2026-02-01,2,0,1,1,0,265407,"2024-09-30 15:04:02",NULL,"2026-01-01 00:28:14",NULL,NULL,0,1
"JR Amaze apartments",3281,19958,2024-10-01,MAINTENANCE_CHARGES,10,1,10,0,1,0,2026-02-01,2,0,1,1,0,294735,"2024-09-30 15:47:09",NULL,"2026-01-01 00:28:16",NULL,NULL,0,1
"Mahaveer cornet",3294,9916,2024-11-01,MAINTENANCE_CHARGES,11,1,15,0,1,0,2026-02-01,2,0,1,1,0,64118,"2024-10-01 04:53:53",NULL,"2026-01-01 00:28:32",NULL,NULL,0,1
"SNR Verity",3302,11045,2024-11-01,MAINTENANCE_CHARGES,11,1,14,2,1,0,2026-02-01,2,0,1,1,0,180367,"2024-10-02 02:30:08",401230,"2026-01-01 00:28:40",NULL,NULL,0,1
"Chief Minister Teachers and Constable Housing Scheme",3304,15414,2024-11-01,MAINTENANCE_CHARGES,11,1,9,0,1,0,2026-02-01,2,0,1,1,0,295643,"2024-10-02 06:42:22",295643,"2026-01-01 00:28:57",NULL,NULL,0,1
"Mantra Insignia",3312,18483,2024-11-01,MAINTENANCE_CHARGE,11,1,9,0,1,0,2026-02-01,2,0,1,1,0,226901,"2024-10-03 10:08:50",NULL,"2026-01-01 00:29:00",NULL,NULL,0,1
"Sun Fantasy",3318,10014,2024-11-01,MAINTENANCE_CHARGES,11,1,19,0,1,0,2026-02-01,2,0,1,1,0,271573,"2024-10-05 06:02:09",NULL,"2026-01-01 00:29:11",NULL,NULL,0,1
"Ashtavinayak Residency CHS LTD ",3325,19205,2024-11-01,MAINTANCE_CHARGES,10,1,12,0,1,0,2026-02-01,1,0,1,1,0,268215,"2024-10-08 06:15:50",NULL,"2026-01-01 00:29:13",NULL,NULL,0,1
"VRR Lakeview",3335,18693,2024-11-01,MAINTENANCE_CHARGES,11,1,10,2,1,0,2026-02-01,2,0,1,1,0,236463,"2024-10-13 06:58:45",219607,"2026-01-01 00:29:19",NULL,NULL,0,1
"Sterling Bhandari apartments",3339,19975,2024-11-01,MAINTENANCE_CHARGES,11,1,15,0,1,0,2026-02-01,2,0,1,1,0,295333,"2024-10-15 10:27:47",NULL,"2026-01-01 00:29:22",NULL,NULL,0,1
"Neel Madan Apartment",3356,8681,2024-11-01,MAINTENANCE_CHARGES_APR22_MAR22,11,1,14,0,1,0,2026-02-01,2,0,1,1,0,260460,"2024-10-26 07:49:02",260460,"2026-01-01 00:29:27",NULL,NULL,0,1
"Patel Prayosha Yogi Niwas B2 CHS Ltd",3360,13688,2024-11-01,MAINTENANCE_INVOICE,11,1,19,0,1,0,2026-02-01,2,0,1,1,0,303847,"2024-10-26 14:04:53",53683,"2026-01-01 00:29:29",NULL,NULL,0,1
"Mahaveer Kings Place",3361,19808,2024-11-01,MAINTENANCE_CHARGES,11,1,10,0,1,0,2026-02-01,2,0,1,1,0,295662,"2024-10-27 06:13:38",265744,"2026-01-01 00:30:04",NULL,NULL,0,1
"Swati Greens ",3371,15653,2024-11-01,MAINTENANCE_CHARGES,11,1,14,0,1,0,2026-02-01,2,0,1,1,0,295137,"2024-10-29 11:11:02",NULL,"2026-01-01 00:30:11",NULL,NULL,0,1
"Shree Ganesh CHS LTD",3391,15702,2024-11-01,MAINTENANCE_BILLS,11,1,25,0,1,0,2026-02-01,2,0,1,1,0,283381,"2024-11-01 09:19:41",NULL,"2026-01-01 00:30:21",NULL,NULL,0,1
"Magnolia Srijana",3395,20219,2024-12-01,MAINTENANCE_CHARGES,12,1,30,0,1,0,2026-02-01,2,0,1,1,0,304886,"2024-11-02 13:05:17",304886,"2026-01-01 00:30:25",NULL,NULL,0,1
"KHB Sharwa_MB5 ERP",3399,12005,2024-12-01,MAINTENANCE_CHARGES,12,1,9,5,1,0,2026-02-01,2,0,1,1,0,285952,"2024-11-04 11:11:37",NULL,"2026-01-01 00:30:29",NULL,NULL,0,1
"Maarq Alpha",3409,20035,2024-12-01,MAINTENANCE_CHARGES,12,1,14,0,1,0,2026-02-01,2,0,1,1,0,282965,"2024-11-05 11:15:19",311410,"2026-01-01 00:30:32",NULL,NULL,0,1
"CAMELLIA PRIDE",3419,20289,2024-12-01,MAINTENANCE_CHARGES,12,1,10,0,1,0,2026-02-01,2,0,1,1,0,302406,"2024-11-10 06:45:03",NULL,"2026-01-01 00:30:36",NULL,NULL,0,1
"Jardin by Sanskruti Lifespaces",3421,20340,2024-12-01,MAINTENANCE_CHARGES,12,1,15,0,1,0,2026-02-01,2,0,1,1,0,304456,"2024-11-10 10:09:49",NULL,"2026-01-01 00:30:40",NULL,NULL,0,1
"GKRS BLISS - I",3434,20383,2024-12-01,MAINTENANCE_CHARGES,12,1,9,0,1,0,2026-02-01,2,0,1,1,0,305182,"2024-11-19 05:56:35",413131,"2026-01-01 00:30:42",NULL,NULL,0,1
"Nirman Aura",3438,16424,2024-12-01,MAINTENANCE_CHARGES,12,1,9,0,1,0,2026-02-01,2,0,1,1,0,303502,"2024-11-20 09:45:59",NULL,"2026-01-01 00:30:48",NULL,NULL,0,1
"Akshita Heights Three",3440,16731,2024-12-01,MAINTENANCE_CHARGES,12,1,11,0,1,0,2026-02-01,2,0,1,1,0,266834,"2024-11-21 11:03:53",NULL,"2026-01-01 00:30:52",NULL,NULL,0,1
"Mangeshi Paradise Building no.2",3450,20456,2024-12-01,MAINTENANCE_CHARGES,12,1,14,0,1,0,2026-02-01,2,0,1,1,0,308884,"2024-11-25 10:56:03",NULL,"2026-01-01 00:30:54",NULL,NULL,0,1
Skycourt,3451,9830,2024-12-01,MAINTENANCE_CHARGES,12,1,7,2,1,0,2026-02-01,2,0,1,1,0,248614,"2024-11-25 15:07:13",NULL,"2026-01-01 00:30:58",NULL,NULL,0,1
"Solitaire Palms E wing ",3461,19860,2024-12-01,MAINTENANCE_CHARGES,12,1,14,0,1,0,2026-02-01,2,0,1,1,0,295661,"2024-11-29 12:19:29",NULL,"2026-01-01 00:31:01",NULL,NULL,0,1
"Vasant Vihar",3463,19927,2024-12-01,MAINTENANCE_CHARGES,12,1,14,0,1,0,2026-02-01,2,0,1,1,0,304887,"2024-11-29 12:42:13",NULL,"2026-01-01 00:31:04",NULL,NULL,0,1
"Atria Grande D Wing",3465,17607,2024-12-01,MAINTENANCE_CHARGES,12,1,6,0,1,0,2026-02-01,2,0,1,1,0,210105,"2024-11-29 16:12:54",NULL,"2026-01-01 00:31:07",NULL,NULL,0,1
"SMR Vinay Regency",3467,20157,2024-12-01,MAINTENANCE_CHARGES,12,1,10,0,1,0,2026-02-01,2,0,1,1,0,303922,"2024-11-30 05:53:16",NULL,"2026-01-01 00:31:09",NULL,NULL,0,1
"Vishranthi Sundarakand",3473,6207,2024-12-01,MAINTENANCE_STP,3,1,5,1,1,0,2026-02-01,5,0,1,1,0,25494,"2024-11-30 17:26:19",NULL,"2026-01-01 00:31:13",NULL,NULL,0,1
"Ravinanda Skylights E wing",3476,19912,2025-01-01,MAINTENANCE_CHARGES,1,1,9,0,1,0,2026-02-01,2,0,1,1,0,303606,"2024-12-01 14:04:41",303606,"2026-01-01 00:31:17",NULL,NULL,0,1
"SS Signature Block B",3479,19669,2025-01-01,MAINTENANCE_CHARGES,1,1,5,2,1,0,2026-02-01,2,0,1,1,0,260350,"2024-12-02 06:53:35",260350,"2026-01-01 00:31:20",NULL,NULL,0,1
"SLV Sapphire appartment",3480,19716,2025-01-01,MAINTENANCE_CHARGES,1,1,9,0,1,0,2026-02-01,2,0,1,1,0,268335,"2024-12-02 07:29:25",NULL,"2026-01-01 00:31:24",NULL,NULL,0,1
"CHANDRESH NIKETAN",3484,15188,2025-01-01,MAINTENANCE_BILL,1,1,20,0,1,0,2026-02-01,2,0,1,1,0,306150,"2024-12-03 07:32:34",NULL,"2026-01-01 00:31:27",NULL,NULL,0,1
"Madhuban E4 Classic Vishrantwadi",3493,20176,2025-01-01,MAINTENANCE_CHARGES,1,1,29,0,1,0,2026-02-01,2,0,1,1,0,296475,"2024-12-05 14:05:01",296475,"2026-01-01 00:31:28",NULL,NULL,0,1
"OM PARADISE,SUS",3494,15553,2025-01-01,MAINTENANCE_CHARGES,2,1,15,0,1,0,2026-02-01,3,0,1,1,0,300142,"2024-12-06 14:47:02",NULL,"2026-01-01 00:31:32",NULL,NULL,0,1
"DS-MAX SPARKNEST",3500,19789,2025-01-01,MAINTENANCE_CHARGE,1,1,11,2,1,0,2026-02-01,2,0,1,1,0,267732,"2024-12-13 14:15:03",267732,"2026-01-01 00:31:36",NULL,NULL,0,1
"Tranquil Acres Phase 2",3502,20489,2025-01-01,MAINTENANCE_CHARGES,1,1,15,2,1,0,2026-02-01,2,0,1,1,0,310561,"2024-12-17 06:55:08",NULL,"2026-01-01 00:31:42",NULL,NULL,0,1
"ARV New Town  B5",3509,13827,2025-03-01,MAINTENANCE_CHARGE,3,1,15,0,1,0,2026-02-01,2,0,1,1,0,61548,"2024-12-19 09:40:24",244012,"2026-01-01 00:31:53",NULL,NULL,0,1
"Punyadham Society",3517,20517,2025-01-01,MAINTENANCE_CHARGES,1,1,9,0,1,0,2026-02-01,2,0,1,1,0,311673,"2024-12-21 13:12:58",NULL,"2026-01-01 00:31:55",NULL,NULL,0,1
"SLV Paradise Apartments ",3522,5580,2025-01-01,MAINTANANCE_BILL,1,1,9,0,1,0,2026-02-01,2,0,1,1,0,260447,"2024-12-24 07:12:48",260447,"2026-01-01 00:33:06",NULL,NULL,0,1
"MARIGOLD AVENUE",3524,18242,2025-01-01,MAINTENANCE_CHARGES,1,1,15,0,1,0,2026-02-01,2,0,1,1,0,319501,"2024-12-24 07:54:30",NULL,"2026-01-01 00:33:10",NULL,NULL,0,1
"ABHANG VISHWA",3540,20101,2025-01-01,MAINTENANCE_CHARGES,1,1,14,0,1,0,2026-02-01,2,0,1,1,0,322925,"2024-12-29 09:24:32",NULL,"2026-01-01 00:33:12",NULL,NULL,0,1
"Shree Vishnudhara Gardens",3554,19983,2025-01-01,MAINTENANCE_CHARGES,1,1,9,0,1,0,2026-02-01,2,0,1,1,0,303686,"2024-12-31 09:47:11",NULL,"2026-01-01 00:33:25",NULL,NULL,0,1
"Mahaveer Fortune",3561,4176,2025-02-01,MAINTANANCE,2,1,9,0,1,0,2026-02-01,2,0,1,1,0,194247,"2025-01-01 05:35:37",NULL,"2026-01-01 00:33:41",NULL,NULL,0,1
"Anandam apartment",3564,20323,2025-02-01,MAINTENANCE_CHARGES,2,1,9,0,1,0,2026-02-01,2,0,1,1,0,322670,"2025-01-01 10:49:52",NULL,"2026-01-01 00:33:42",NULL,NULL,0,1
"SNR White Petals",3565,19931,2025-02-01,MAINTENANCE_CHARGES,2,1,10,0,1,0,2026-02-01,2,0,1,1,0,303697,"2025-01-01 13:40:47",NULL,"2026-01-01 00:33:44",NULL,NULL,0,1
"Seetai Corner",3572,19727,2025-02-01,MAINTENANCE_CHARGES,2,1,15,0,1,0,2026-02-01,2,0,1,1,0,324605,"2025-01-02 15:45:05",NULL,"2026-01-01 00:33:45",NULL,NULL,0,1
"Jyothi enclave",3579,9382,2025-02-01,MAINTENANCE_CHARGES,2,1,7,0,1,0,2026-02-01,2,0,1,1,0,260212,"2025-01-05 07:28:43",NULL,"2026-01-01 00:33:51",NULL,NULL,0,1
"Splendid Courtyard A Wing",3617,20498,2025-02-01,MAINTENANCE_CHARGES,2,1,10,0,1,0,2026-02-01,2,0,1,1,0,312462,"2025-01-21 06:21:29",NULL,"2026-01-01 00:33:54",NULL,NULL,0,1
"Sai Suvidha",3626,20728,2025-02-01,MAINTENANCE_CHARGES,2,1,6,0,1,0,2026-02-01,2,0,1,0,0,330322,"2025-01-24 05:41:14",341165,"2026-01-01 00:33:56",NULL,NULL,0,1
"B M Marvel",3628,1374,2025-02-01,MAINTANANCE_CHARGE,1,1,10,0,1,0,2026-02-01,1,0,1,1,0,66329,"2025-01-24 15:20:17",NULL,"2026-01-01 00:34:06",NULL,NULL,0,1
"Orbit Tirupati Towers Private Limited",3629,20955,2025-02-01,MAINTENANCE_CHARGES,2,1,19,0,1,0,2026-02-01,2,0,1,1,0,329883,"2025-01-25 11:18:41",NULL,"2026-01-01 00:34:10",NULL,NULL,0,1
"Sudama Homes-2",3639,20239,2025-02-01,MAINTENANCE_CHARGES,1,1,9,0,1,0,2026-02-01,1,0,1,1,0,298163,"2025-01-29 07:51:38",NULL,"2026-01-01 00:34:13",NULL,NULL,0,1
"Kingston Aura Co-Operative Housing Society Limited - D Wing",3644,20844,2025-02-01,MAINTENANCE_CHARGES,2,1,15,0,1,0,2026-02-01,2,0,1,1,0,327078,"2025-01-29 14:08:54",NULL,"2026-01-01 00:34:18",NULL,NULL,0,1
"Shriram Sankari Apartments",3653,20626,2025-02-01,MAINTENANCE_CHARGES,2,1,15,0,1,0,2026-02-01,2,0,1,1,0,317121,"2025-01-30 07:49:59",315678,"2026-01-01 00:34:21",NULL,NULL,0,1
"Shikharam Apartments",3655,18441,2025-02-01,MAINTENANCE_CHARGES,2,1,12,0,1,0,2026-02-01,2,0,1,1,0,224665,"2025-01-30 10:33:51",412569,"2026-01-01 00:34:22",NULL,NULL,0,1
"TG Lake Vista",3658,20709,2025-02-01,MAINTENANCE_CHARGES,2,1,10,2,1,0,2026-02-01,2,0,1,1,0,323383,"2025-01-30 12:56:18",NULL,"2026-01-01 00:34:28",NULL,NULL,0,1
"Bhanu deluxe Towers",3663,1157,2025-02-01,MAINTENANCE,2,1,7,0,1,0,2026-02-01,2,0,1,1,0,271290,"2025-01-31 09:09:13",NULL,"2026-01-01 00:34:33",NULL,NULL,0,1
Shree,3664,19343,2025-02-01,MAINTENANCE_CHARGES,2,1,9,0,1,0,2026-02-01,2,0,1,1,0,295385,"2025-01-31 12:42:11",NULL,"2026-01-01 00:34:35",NULL,NULL,0,1
Amistad,3665,19305,2025-02-01,MAINTENANCE_CHARGES,2,1,9,0,1,0,2026-02-01,2,0,1,1,0,279502,"2025-01-31 13:51:15",NULL,"2026-01-01 00:34:43",NULL,NULL,0,1
"Swadesha Phase 1",3666,17907,2025-02-01,MAINTENANCE_CHARGES,2,1,15,0,1,0,2026-02-01,2,0,1,1,0,324143,"2025-01-31 17:00:27",NULL,"2026-01-01 00:34:52",NULL,NULL,0,1
"Janapriya Lake View Apartment Phase 1",3687,18076,2025-03-01,MAINTENANCE_CHARGES,3,1,10,0,1,0,2026-02-01,2,0,1,1,0,214330,"2025-02-03 17:48:11",NULL,"2026-01-01 00:34:57",NULL,NULL,0,1
"Vrindavan Elegance Co-Op Housing Society",3688,2803,2025-03-01,MAINTENANCE_CHARGES,3,1,10,0,1,0,2026-02-01,2,0,1,1,0,210208,"2025-02-04 10:10:46",NULL,"2026-01-01 00:34:58",NULL,NULL,0,1
"Trident Grande",3700,16411,2025-03-01,MAINTENANCE,3,1,0,0,1,0,2026-02-01,2,0,1,1,0,307369,"2025-02-08 06:48:38",390753,"2026-01-01 00:35:02",NULL,NULL,0,1
"Dream Aawas",3702,20465,2025-03-01,MAINTENANCE_CHARGES,3,1,14,1,1,0,2026-02-01,2,0,1,1,0,335889,"2025-02-08 11:40:22",NULL,"2026-01-01 00:35:14",NULL,NULL,0,1
"Tripura's Galaxy",3712,3832,2025-03-01,MAINTENANCE,3,1,5,0,1,0,2026-02-01,2,0,1,1,0,264696,"2025-02-14 07:09:05",413561,"2026-01-01 00:35:18",NULL,NULL,0,1
"PNK's Royal Exotica",3713,8714,2025-03-01,MAINTENANCE,3,1,10,0,1,0,2026-02-01,2,0,1,1,0,264274,"2025-02-14 07:20:02",412974,"2026-01-01 00:36:04",NULL,NULL,0,1
"Blue Lagoon",3715,20020,2025-03-01,MAINTENANCE_CHARGES,3,1,10,0,1,0,2026-02-01,2,0,1,1,0,311607,"2025-02-14 10:32:22",412773,"2026-01-01 00:36:06",NULL,NULL,0,1
"Silk Valley",3718,21087,2025-03-01,MAINTENANCE_CHARGES,3,1,14,0,1,0,2026-02-01,2,0,1,1,0,336356,"2025-02-16 06:05:55",NULL,"2026-01-01 00:36:10",NULL,NULL,0,1
"Pramukh Horizon-1",3719,9650,2025-03-01,MAINTENANCE,3,1,9,0,1,0,2026-02-01,2,0,1,1,0,163143,"2025-02-16 07:01:27",NULL,"2026-01-01 00:36:14",NULL,NULL,0,1
"Ds Max Seagull Nest",3744,9354,2025-03-01,MAINTENANCE_CHARGES,3,1,28,0,1,0,2026-02-01,2,0,1,1,0,268566,"2025-02-27 14:56:02",NULL,"2026-01-01 00:36:21",NULL,NULL,0,1
"Amigo Estella",3747,19068,2025-03-01,MAINTENANCE_CHARGES,3,1,14,0,1,0,2026-02-01,2,0,1,1,0,233665,"2025-02-28 05:43:49",NULL,"2026-01-01 00:36:25",NULL,NULL,0,1
"Kadamb Pushp",3756,20560,2025-03-01,MAINTENANCE_CHARGES,3,1,9,0,1,0,2026-02-01,2,0,1,1,0,338175,"2025-02-28 12:20:39",NULL,"2026-01-01 00:36:29",NULL,NULL,0,1
"Vasudha apartments ",3759,18854,2025-03-01,MAINTENANCE_CHARGES,3,1,10,0,1,0,2026-02-01,2,0,1,1,0,268132,"2025-02-28 13:25:51",NULL,"2026-01-01 00:36:34",NULL,NULL,0,1
"Aashirwad Flora",3762,8920,2025-03-01,MAINTENANCE_CHARGES,3,1,14,0,1,0,2026-02-01,2,0,1,1,0,182475,"2025-02-28 14:37:01",NULL,"2026-01-01 00:36:38",NULL,NULL,0,1
"Visva kunj 1",3765,14571,2025-03-01,MAINTENANCE_CHARGES,3,1,9,0,1,0,2026-02-01,2,0,1,1,0,303683,"2025-02-28 16:26:50",NULL,"2026-01-01 00:36:42",NULL,NULL,0,1
"Eternal exotica",3767,11817,2025-03-01,MAINTENANCE,3,1,9,0,1,0,2026-02-01,2,0,1,1,0,182308,"2025-02-28 16:33:29",NULL,"2026-01-01 00:36:45",NULL,NULL,0,1
"Udaya South End",3769,7305,2025-03-01,MAINTENANCE,3,1,10,0,1,0,2026-02-01,2,0,1,1,0,266392,"2025-02-28 16:51:33",413068,"2026-01-01 00:36:47",NULL,NULL,0,1
"VASAVI GRAND VISTA",3770,12866,2025-03-01,MAINTENANCE,3,1,10,0,0,0,2026-02-01,2,0,1,0,0,265812,"2025-02-28 17:02:13",NULL,"2026-01-01 00:36:51",NULL,NULL,0,0
"Venkatadri Heights",3771,19989,2025-03-01,MAINTENANCE_CHARGES,3,1,10,0,1,0,2026-02-01,2,0,1,1,0,311608,"2025-02-28 17:23:45",413454,"2026-01-01 00:36:56",NULL,NULL,0,1
"Buddha's Vertex classic",3772,1149,2025-03-01,MAINTENANCE_CHARGES,3,1,8,0,1,0,2026-02-01,2,0,1,1,0,266399,"2025-02-28 17:27:34",413320,"2026-01-01 00:37:03",NULL,NULL,0,1
"Futnani towers",3774,17350,2025-03-01,MAINTENANCE_CHARGES,3,1,10,0,1,0,2026-02-01,2,0,1,1,0,338671,"2025-02-28 17:38:45",413481,"2026-01-01 00:37:06",NULL,NULL,0,1
"MJR Solitaire Apartment",3777,13285,2025-03-01,MAINTENANCE,3,1,10,0,1,0,2026-02-01,2,0,1,1,0,264271,"2025-02-28 17:46:55",409435,"2026-01-01 00:37:08",NULL,NULL,0,1
"Sapphire Cooperative Housing Society Ltd",3780,5319,2025-03-01,MAINTENANCE_CHARGES,3,1,14,0,1,0,2026-02-01,2,0,1,1,0,237252,"2025-02-28 18:24:24",237252,"2026-01-01 00:37:23",NULL,NULL,0,1
"Krishna Shelton",3783,1985,2025-04-01,MAINTENANCE_CHARGES,4,1,15,0,1,0,2026-02-01,2,0,1,1,0,304293,"2025-03-01 04:50:17",NULL,"2026-01-01 00:37:41",NULL,NULL,0,1
"Aishvarya Residency",3786,19101,2025-04-01,MAINTENANCE_CHARGES,4,1,14,0,1,0,2026-02-01,2,0,1,1,0,324812,"2025-03-01 08:11:33",324812,"2026-01-01 00:37:42",NULL,NULL,0,1
"Sanjuda complex D wing",3787,19018,2025-04-01,MAINTENANCE_CHARGES,4,1,14,0,1,0,2026-02-01,2,0,1,1,0,332204,"2025-03-01 08:13:11",332204,"2026-01-01 00:37:43",NULL,NULL,0,1
"Sanjuda Complex F wing",3788,19421,2025-04-01,MAINTENANCE_CHARGES,4,1,9,0,1,0,2026-02-01,2,0,1,1,0,325008,"2025-03-01 08:31:15",325008,"2026-01-01 00:37:44",NULL,NULL,0,1
"Sanjuda Complex H wing",3791,19218,2025-04-01,MAINTENANCE_CHARGES,4,1,14,0,1,0,2026-02-01,2,0,1,1,0,332676,"2025-03-01 10:47:14",332676,"2026-01-01 00:37:46",NULL,NULL,0,1
"Sapphire Tower's ",3792,15283,2025-03-01,MAINTENANCE_CHARGES,3,1,15,0,1,0,2026-02-01,2,0,1,1,0,324609,"2025-03-01 11:45:01",NULL,"2026-01-01 00:37:50",NULL,NULL,0,1
"Vaishno Silver Bells",3793,10720,2025-04-01,MAINTENANCE,3,1,6,0,1,0,2026-02-01,1,0,1,1,0,203855,"2025-03-01 13:39:51",NULL,"2026-01-01 00:37:54",NULL,NULL,0,1
"Majestique Rhythm County A1&A2 ",3818,19954,2025-04-01,MAINTENANCE_CHARGES,4,1,9,0,1,0,2026-02-01,2,0,1,1,0,304825,"2025-03-09 10:25:38",NULL,"2026-01-01 00:37:59",NULL,NULL,0,1
"Tara tarang ",3821,12847,2025-04-01,MAINTENANCE_CHARGES,4,1,90,0,1,0,2026-02-01,2,0,1,1,0,296014,"2025-03-11 10:08:16",NULL,"2026-01-01 00:38:02",NULL,NULL,0,1
"Bhanu Symphony Apartment",3827,21257,2025-04-01,MAINTENANCE_CHARGES,4,1,10,2,1,0,2026-02-01,2,0,1,1,0,344657,"2025-03-13 12:09:49",NULL,"2026-01-01 00:39:02",NULL,NULL,0,1
"Bhuvana Nivath",3830,6661,2025-04-01,EC_INCENTIVE_MONTHLY,3,1,10,0,1,0,2026-02-01,1,0,1,1,0,190585,"2025-03-16 07:19:20",NULL,"2026-01-01 00:39:06",NULL,NULL,0,1
"Sanchar Nagar Residents Society Tower 7",3831,20686,2025-04-01,MAINTENANCE_CHARGES,4,1,5,5,1,0,2026-02-01,2,0,1,1,0,320864,"2025-03-19 06:12:31",320864,"2026-01-01 00:39:09",NULL,NULL,0,1
"SVS Sunrise apartment  owners association ",3833,14352,2025-04-01,PAINTING_OTHER_CHARGES,4,1,9,0,1,0,2026-02-01,2,0,1,1,0,203773,"2025-03-20 08:44:18",NULL,"2026-01-01 00:39:11",NULL,NULL,0,1
"PARAM HEIGHTS",3836,20991,2025-04-01,MAINTENANCE_CHARGES,4,1,15,0,1,0,2026-02-01,2,0,1,1,0,347872,"2025-03-22 09:51:17",NULL,"2026-01-01 00:39:23",NULL,NULL,0,1
"DS MAX Skyscape",3840,21051,2025-05-01,MAINTENANCE_CHARGES,5,1,10,0,1,0,2026-02-01,2,0,1,1,0,335867,"2025-03-23 05:23:20",348191,"2026-01-01 00:39:28",NULL,NULL,0,1
"DSR Elegance",3841,1651,2025-04-01,MAINTENANCE,4,1,9,0,1,0,2026-02-01,2,0,1,1,0,331753,"2025-03-23 07:56:58",331753,"2026-01-01 00:39:33",NULL,NULL,0,1
"Bda Komaghatta phase 1",3845,12512,2025-04-01,MAINTENANCE_CHARGES,4,1,9,0,1,0,2026-02-01,2,0,1,1,0,193859,"2025-03-23 09:27:25",NULL,"2026-01-01 00:40:12",NULL,NULL,0,1
"Sikhara Bliss",3846,17988,2025-04-01,MAINTENANCE_CHARGES,4,1,9,0,1,0,2026-02-01,2,0,1,1,0,214739,"2025-03-23 09:31:11",NULL,"2026-01-01 00:40:18",NULL,NULL,0,1
"Casagrand crescendo",3852,18665,2025-04-01,MAINTENANCE_CHARGES,4,1,10,0,1,0,2026-02-01,2,0,1,1,0,332992,"2025-03-23 10:06:20",NULL,"2026-01-01 00:40:33",NULL,NULL,0,1
"Glorious plaza 3",3854,8801,2025-04-01,MONTHLY_MAINTENANCE_CHARGES,4,1,14,0,1,0,2026-02-01,2,0,1,1,0,161850,"2025-03-23 10:14:13",NULL,"2026-01-01 00:40:36",NULL,NULL,0,1
"HOYSALA AVANI BADAVANE KALYANA SANGHA",3855,15419,2025-04-01,MAINTENANCE,4,1,7,0,1,0,2026-02-01,2,0,1,1,0,196009,"2025-03-23 10:16:11",NULL,"2026-01-01 00:40:38",NULL,NULL,0,1
"Harmony Park Apartment",3856,13815,2025-04-01,MAINTENANCE,4,1,9,0,1,0,2026-02-01,2,0,1,1,0,186064,"2025-03-23 10:16:50",NULL,"2026-01-01 00:40:42",NULL,NULL,0,1
"Shivaganga Bliss",3857,549,2025-04-01,MAINTENANCE_CHARGES,4,1,9,0,1,0,2026-02-01,2,0,1,1,0,195106,"2025-03-23 10:21:02",6723,"2026-01-01 00:40:46",NULL,NULL,0,1
"ISR Sukriti",3858,388,2025-04-01,MAINTENANCE_BILL,4,1,9,0,1,0,2026-02-01,2,0,1,1,0,301046,"2025-03-23 10:23:49",NULL,"2026-01-01 00:40:52",NULL,NULL,0,1
"SS Brundavanam",3860,13459,2025-04-01,MAINTENANCE,4,1,10,0,1,0,2026-02-01,2,0,1,1,0,331839,"2025-03-23 10:27:37",NULL,"2026-01-01 00:40:55",NULL,NULL,0,1
"Sreepadam nivas",3861,12554,2025-04-01,MAINTENANCE_CHARGES,4,1,10,0,1,0,2026-02-01,2,0,1,1,0,194294,"2025-03-23 10:28:26",NULL,"2026-01-01 00:41:00",NULL,NULL,0,1
"Raaya Homes",3863,816,2025-04-01,MONTHLY_MAINTENCE,4,1,7,0,1,0,2026-02-01,2,0,1,1,0,192246,"2025-03-23 10:32:40",192246,"2026-01-01 00:41:04",NULL,NULL,0,1
"Yashwin Sukhniwas B wing ",3866,19681,2025-04-01,MAINTENANCE_CHARGES,4,1,9,0,1,0,2026-02-01,2,0,1,1,0,325024,"2025-03-23 10:39:14",NULL,"2026-01-01 00:41:06",NULL,NULL,0,1
"Srivari Saidapet",3871,19178,2025-03-31,MAINTENANCE_CHARGES,4,1,9,0,1,0,2026-02-01,2,0,1,1,0,332913,"2025-03-23 11:07:46",NULL,"2026-01-01 00:41:08",NULL,NULL,0,1
"Thribhuvan's Park View",3876,16133,2025-04-01,MAINTENANCE_CHARGES,4,1,10,0,1,0,2026-02-01,2,0,1,1,0,332557,"2025-03-23 11:15:59",332557,"2026-01-01 00:41:21",NULL,NULL,0,1
"Sanjeevini Pebbles",3877,11779,2025-04-01,MAINTENANCE_CHARGES,4,1,8,0,1,0,2026-02-01,2,0,1,1,0,260411,"2025-03-23 11:29:46",NULL,"2026-01-01 00:41:25",NULL,NULL,0,1
"SARADEUZ ACROPOLIS",3878,7966,2025-04-01,MAINTENANCE,4,1,10,0,1,0,2026-02-01,2,0,1,1,0,332384,"2025-03-23 11:33:18",NULL,"2026-01-01 00:41:27",NULL,NULL,0,1
"Santha Towers",3879,156,2025-04-01,MAINTENANCE,4,1,9,0,1,0,2026-02-01,2,0,1,1,0,332522,"2025-03-23 11:40:43",NULL,"2026-01-01 00:41:42",NULL,NULL,0,1
"Rajparis harmony apartments ",3880,14975,2025-04-01,MAINTENANCE_CHARGES,4,1,9,0,1,0,2026-02-01,2,0,1,1,0,332526,"2025-03-23 11:51:15",NULL,"2026-01-01 00:41:51",NULL,NULL,0,1
"ARV A1",3881,13320,2025-04-01,MAINTENANCE_CHARGE,4,1,9,0,1,0,2026-02-01,2,0,1,1,0,303277,"2025-03-23 11:53:29",NULL,"2026-01-01 00:42:07",NULL,NULL,0,1
"Kailash BDA Apartment Owners Welfare Association",3882,7604,2025-04-01,MAINTENANCE_CHARGES,4,1,10,0,1,0,2026-02-01,2,0,1,1,0,291344,"2025-03-23 11:57:41",NULL,"2026-01-01 00:42:23",NULL,NULL,0,1
"MAGNOLIA by ND VENTURES",3883,19628,2025-04-01,MAINTENANCE_CHARGES,4,1,14,0,1,0,2026-02-01,2,0,1,1,0,332617,"2025-03-23 11:59:08",NULL,"2026-01-01 00:42:29",NULL,NULL,0,1
"DD Silver Stone",3885,7409,2025-04-01,MONTHLY_MAINTENANCE_CHARGES,4,1,19,0,1,0,2026-02-01,2,0,1,1,0,268344,"2025-03-23 12:20:04",268344,"2026-01-01 00:42:42",NULL,NULL,0,1
"SLV Flora Apartment Hongasandra",3888,14558,2025-04-01,MAINTENANCE,4,1,9,0,1,0,2026-02-01,2,0,1,1,0,204648,"2025-03-23 12:32:30",NULL,"2026-01-01 00:42:46",NULL,NULL,0,1
"Amrutha projects",3893,19468,2025-04-01,MAINTENANCE_CHARGES,4,1,10,0,1,0,2026-02-01,2,0,1,1,0,311610,"2025-03-23 13:13:19",413301,"2026-01-01 00:42:53",NULL,NULL,0,1
"Shreeram Lotus Co-operative Housing Society",3898,45,2025-04-01,MAINTENANCE,4,1,21,0,1,0,2026-02-01,2,0,1,1,0,330571,"2025-03-23 14:54:19",330571,"2026-01-01 00:43:06",NULL,NULL,0,1
"Zen Estate I Wing Co-operative Housing Society Ltd",3899,20490,2025-04-01,MAINTENANCE_CHARGES,4,1,9,0,1,0,2026-02-01,2,0,1,1,0,337979,"2025-03-25 06:32:22",NULL,"2026-01-01 00:43:08",NULL,NULL,0,1
"Runal Spacio",3901,15868,2025-04-01,MAINTENANCE_CHARGES,4,1,9,0,1,0,2026-02-01,2,0,1,1,0,339456,"2025-03-25 07:14:50",NULL,"2026-01-01 00:43:18",NULL,NULL,0,1
"Ruby Nakshatra",3910,19546,2025-04-01,MAINTENANCE_CHARGES,4,1,6,0,1,0,2026-02-01,2,0,1,0,0,332222,"2025-03-25 10:54:12",461855,"2026-01-31 13:09:53",NULL,NULL,0,1
"STEPSTONE VATSA 3",3911,19023,2025-04-01,MAINTENANCE_CHARGES,4,1,6,0,1,0,2026-02-01,2,0,1,1,0,331973,"2025-03-25 11:05:37",NULL,"2026-01-01 00:43:31",NULL,NULL,0,1
"Aishwaryam Hamara A13",3913,17532,2025-04-01,MAINTENANCE_CHARGES,4,1,14,0,1,0,2026-02-01,2,0,1,1,0,322622,"2025-03-25 12:07:23",NULL,"2026-01-01 00:43:35",NULL,NULL,0,1
"Caesors Sion",3919,623,2025-04-01,MAINTENANCE,4,1,9,0,1,0,2026-02-01,2,0,1,1,0,332514,"2025-03-25 13:25:18",NULL,"2026-01-01 00:43:41",NULL,NULL,0,1
"BBCL VAJRA",3921,13697,2025-04-01,MAINTENANCE_CHARGE,4,1,6,0,1,0,2026-02-01,2,0,1,1,0,332150,"2025-03-25 13:35:33",NULL,"2026-01-01 00:43:47",NULL,NULL,0,1
"E-Spring Seasons",3923,19914,2025-04-01,MAINTENANCE_CHARGES,4,1,29,0,1,0,2026-02-01,2,0,1,1,0,311961,"2025-03-26 07:39:41",401312,"2026-01-01 00:43:49",NULL,NULL,0,1
"Janapriya Utopia Block-2",3926,1184,2025-04-01,MAINTENANCE,4,1,14,0,1,0,2026-02-01,2,0,1,1,0,184885,"2025-03-26 08:44:53",NULL,"2026-01-01 00:43:58",NULL,NULL,0,1
"Vasavi Bhuvana",3927,14569,2025-04-01,MAINTENANCE_CHARGES,3,1,6,0,1,0,2026-02-01,1,0,1,1,0,186114,"2025-03-26 08:49:21",NULL,"2026-01-01 00:44:02",NULL,NULL,0,1
"Janapriya Lake front Block-E",3930,461,2025-04-01,MAINTENANCE,4,1,14,0,1,0,2026-02-01,2,0,1,1,0,181629,"2025-03-26 08:57:17",NULL,"2026-01-01 00:44:09",NULL,NULL,0,1
"Dwaraka Chandra Residency ",3933,15175,2025-04-01,MAINTENANCE,4,1,14,0,1,0,2026-02-01,2,0,1,1,0,186065,"2025-03-26 09:07:55",NULL,"2026-01-01 00:44:13",NULL,NULL,0,1
"Tangrilla Apartments",3934,12306,2025-04-01,MAINTENANCE,4,1,9,0,1,0,2026-02-01,2,0,1,1,0,189557,"2025-03-26 09:12:40",NULL,"2026-01-01 00:44:16",NULL,NULL,0,1
"Four Square Elegant Block A",3936,2314,2025-04-01,GENERAL_MAINTENANCE,4,1,7,0,1,0,2026-02-01,2,0,1,1,0,234892,"2025-03-26 09:24:06",NULL,"2026-01-01 00:44:20",NULL,NULL,0,1
"Shree samarth krupa",3937,14844,2025-04-01,MAINTENANCE,4,1,14,0,1,0,2026-02-01,2,0,1,1,0,296106,"2025-03-26 09:27:47",296106,"2026-01-01 00:44:23",NULL,NULL,0,1
"DSK Sundarban Phase 2",3940,19304,2025-04-01,MAINTENANCE_CHARGES,4,1,9,0,1,0,2026-02-01,2,0,1,1,0,326554,"2025-03-26 09:42:01",NULL,"2026-01-01 00:44:28",NULL,NULL,0,1
"Matrix Orchids",3942,2256,2025-04-01,MAINTENANCE_CHARGES,4,1,11,0,1,0,2026-02-01,2,0,1,1,0,182116,"2025-03-26 09:44:55",NULL,"2026-01-01 00:44:37",NULL,NULL,0,1
"Mye Villas",3943,16231,2025-04-01,MAINTENANCE,4,1,12,0,1,0,2026-02-01,2,0,1,1,0,186061,"2025-03-26 09:49:51",NULL,"2026-01-01 00:44:46",NULL,NULL,0,1
"Ushodaya's Signature",3944,15156,2025-04-01,MAINTENANCE,3,1,14,0,1,0,2026-02-01,1,0,1,1,0,186088,"2025-03-26 09:54:05",NULL,"2026-01-01 00:44:53",NULL,NULL,0,1
"Wind Chimes homes",3949,10180,2025-04-01,MAINTENANCE_CHARGES,4,1,14,0,1,0,2026-02-01,2,0,1,1,0,330955,"2025-03-26 10:41:18",NULL,"2026-01-01 00:45:02",NULL,NULL,0,0
"VAASTU HILL VIEW 3",3952,6753,2025-04-01,MAINTENANCE_BILLS,4,1,14,0,1,0,2026-02-01,2,0,1,1,0,299655,"2025-03-26 11:03:59",NULL,"2026-01-01 00:45:07",NULL,NULL,0,1
"ERP - THE APURUPA SRINIVAS HEIGHTS",3953,3903,2025-04-01,MAINTENANCE_BILL,4,1,10,0,1,0,2026-02-01,2,0,1,1,0,341191,"2025-03-26 11:08:00",NULL,"2026-01-01 00:45:11",NULL,NULL,0,1
"Sumeru Residency",3954,19731,2025-04-01,MONTHLY_MAINTENANCE_CHARGES,4,1,9,0,1,0,2026-02-01,2,0,1,1,0,326400,"2025-03-26 11:13:24",NULL,"2026-01-01 00:45:13",NULL,NULL,0,1
"Janapriya Silver Crest",3957,17186,2025-04-01,EESO,4,1,10,0,1,0,2026-02-01,2,0,1,1,0,348861,"2025-03-26 11:41:15",NULL,"2026-01-01 00:45:22",NULL,NULL,0,1
"Sri Tirumala Millenium Block A",3959,16567,2025-04-01,MONTHLY_MAINTENANCE,4,1,9,0,1,0,2026-02-01,2,0,1,1,0,243289,"2025-03-26 12:50:21",NULL,"2026-01-01 00:45:26",NULL,NULL,0,1
"Sahabhavana Township Emerald",3960,17305,2025-04-01,MAINTENANCE_CHARGES,4,1,20,0,1,0,2026-02-01,2,0,1,1,0,201567,"2025-03-26 12:57:10",NULL,"2026-01-01 00:45:52",NULL,NULL,0,1
"Acropolis buildwell apartment",3963,20985,2025-04-01,MAINTENANCE_CHARGES,4,1,15,0,1,0,2026-02-01,2,0,1,1,0,348891,"2025-03-26 13:11:51",NULL,"2026-01-01 00:45:56",NULL,NULL,0,1
"Madhur Aangan",3968,18670,2025-04-01,MAINTENANCE_CHARGES,4,1,9,0,1,0,2026-02-01,2,0,1,1,0,330816,"2025-03-26 13:56:13",NULL,"2026-01-01 00:45:59",NULL,NULL,0,1
"Casalino Towers",3970,20473,2025-04-01,MAINTENANCE_CHARGES,4,1,9,30,1,0,2026-02-01,2,0,1,1,0,338088,"2025-03-26 15:04:50",NULL,"2026-01-01 00:46:02",NULL,NULL,0,1
"Rajveer Galaxy A Wing",3975,11870,2025-04-01,MAINTENANCE_CHARGES,4,1,27,0,1,0,2026-02-01,2,0,1,1,0,277509,"2025-03-27 06:59:14",438523,"2026-01-29 18:37:40",NULL,NULL,0,1
"Rajveer Galaxy B Wing",3978,11875,2025-04-01,MAINTENANCE_CHARGES,4,1,9,0,1,0,2026-02-01,2,0,1,1,0,282152,"2025-03-27 07:44:16",461076,"2026-01-29 18:39:27",NULL,NULL,0,1
"Ihita South Avenue",3987,19836,2025-04-01,MAINTENANCE_CHARGES,4,1,10,0,1,0,2026-02-01,2,0,1,1,0,293117,"2025-03-27 10:39:13",NULL,"2026-01-01 00:46:14",NULL,NULL,0,1
"Global Aura Apartment",3989,806,2025-04-01,MAINTENANCE_BILL,4,1,9,0,1,0,2026-02-01,2,0,1,1,0,348826,"2025-03-27 10:45:46",412202,"2026-01-01 00:46:21",NULL,NULL,0,1
"Shravanthi Prosper ",3992,18682,2025-04-01,MAINTENANCE_CHARGES,4,1,7,1,1,0,2026-02-01,2,0,1,1,0,349055,"2025-03-27 10:52:19",438156,"2026-01-01 00:46:23",NULL,NULL,0,1
"HiLife Rio",3993,9399,2025-04-01,ROWA_MONTHLY_MAINTANANCE,4,1,14,0,1,0,2026-02-01,2,0,1,1,0,259239,"2025-03-27 10:54:29",NULL,"2026-01-01 00:46:28",NULL,NULL,0,1
"NOVEL VALLEY",3994,14965,2025-04-01,MAINTENANCE_CHARGES,4,1,20,0,1,0,2026-02-01,2,0,1,1,0,326205,"2025-03-27 10:56:36",NULL,"2026-01-01 00:46:34",NULL,NULL,0,1
"SAROJ IRIS",4002,10866,2025-04-01,MAINTENANCE_CHARGES,4,1,20,0,1,0,2026-02-01,2,0,1,1,0,261520,"2025-03-27 11:13:29",NULL,"2026-01-01 00:46:38",NULL,NULL,0,1
"Atria A3 Wing",4007,7547,2025-04-01,MONTHLY_MAINTENANCE_CHARGES,4,1,14,0,1,0,2026-02-01,2,0,1,1,0,283534,"2025-03-27 11:55:00",NULL,"2026-01-01 00:46:42",NULL,NULL,0,1
"GOTHIC'S PRIDE",4012,12193,2025-04-01,MAINTENANCE,4,1,9,0,1,0,2026-02-01,2,0,1,1,0,182133,"2025-03-27 12:54:45",NULL,"2026-01-01 00:46:49",NULL,NULL,0,1
"SLV Parkview",4021,3512,2025-04-01,MAINTENANCE_CHARGES,4,1,10,0,1,0,2026-02-01,2,0,1,1,0,332336,"2025-03-27 13:23:20",NULL,"2026-01-01 00:46:56",NULL,NULL,0,1
"Laukik ishan",4027,17325,2025-04-01,MAINTENANCE_CHARGES,4,1,9,0,1,0,2026-02-01,2,0,1,1,0,183282,"2025-03-27 18:10:17",294192,"2026-01-01 00:47:01",NULL,NULL,0,1
"Casa Abrigo",4028,20046,2025-04-01,MAINTENANCE_CHARGES,4,1,14,0,1,0,2026-02-01,2,0,1,1,0,304622,"2025-03-28 04:37:35",304622,"2026-01-01 00:47:04",NULL,NULL,0,1
"Pebbles Apartments",4033,19923,2025-04-01,MAINTENANCE_CHARGES,4,1,30,0,1,0,2026-02-01,2,0,1,1,0,304840,"2025-03-28 07:51:23",NULL,"2026-01-01 00:47:20",NULL,NULL,0,1
"Aravali Enclave",4039,19302,2025-04-01,MAINTENANCE_CHARGES,4,1,10,0,1,0,2026-02-01,2,0,1,1,0,295285,"2025-03-28 08:03:35",NULL,"2026-01-01 00:47:30",NULL,NULL,0,1
"Tulive Dakshin Owners Association",4040,5419,2025-04-01,MAINTENANCE,4,1,9,0,1,0,2026-02-01,2,0,1,1,0,330626,"2025-03-28 08:06:27",330626,"2026-01-01 00:48:13",NULL,NULL,0,1
"Jeevan Grandeur",4042,11191,2025-04-01,MAINTENANCE_CHARGES,4,1,9,0,1,0,2026-02-01,2,0,1,1,0,259036,"2025-03-28 08:36:03",NULL,"2026-01-01 00:48:20",NULL,NULL,0,1
"CASA Dreams",4044,18215,2025-04-01,MAINTENANCE_CHARGES,4,1,9,0,1,0,2026-02-01,2,0,1,1,0,250013,"2025-03-28 08:42:30",390146,"2026-01-01 00:48:22",NULL,NULL,0,1
"Kwality raaga",4045,8819,2025-04-01,MAINTENANCE_CHARGES,4,1,9,0,1,0,2026-02-01,2,0,1,1,0,260218,"2025-03-28 08:43:16",NULL,"2026-01-01 00:48:27",NULL,NULL,0,1
"SRIJAN VIHAR SOCIETY, INDIRAPURAM, GZB",4046,9497,2025-04-01,MAINTENANCE,4,1,15,0,1,0,2026-02-01,2,0,1,1,0,295115,"2025-03-28 09:07:23",NULL,"2026-01-01 00:48:38",NULL,NULL,0,1
"Atria Society B2",4054,10925,2025-04-01,MAINTENANCE,4,1,24,0,1,0,2026-02-01,2,0,1,1,0,283535,"2025-03-28 12:50:44",NULL,"2026-01-01 00:48:44",NULL,NULL,0,1
"Atria Society B2",4055,10925,2025-04-01,SINKING_FUND,4,1,24,0,1,0,2026-02-01,2,0,1,1,0,283535,"2025-03-28 12:50:56",NULL,"2026-01-01 00:48:46",NULL,NULL,0,1
"Janapriya Uthopia Block 1",4059,431,2025-04-01,MAINTENANCE,4,1,7,10,1,0,2026-02-01,2,0,1,1,0,228574,"2025-03-28 13:35:28",NULL,"2026-01-01 00:48:56",NULL,NULL,0,1
"shivaganga opal",4061,17059,2025-04-01,MONTHLY_MAINTENANCE_CHARGES,4,1,14,0,1,0,2026-02-01,2,0,1,1,0,339645,"2025-03-29 14:42:59",339645,"2026-01-01 00:48:58",NULL,NULL,0,1
"DS max silver oak",4063,10830,2025-04-01,MAINTENANCE_CHARGES,4,1,14,0,1,0,2026-02-01,2,0,1,1,0,341987,"2025-03-29 17:38:45",341987,"2026-01-01 00:49:04",NULL,NULL,0,1
"Maple tower",4064,12914,2025-04-01,MAINTENANCE_CHARGES,4,1,19,0,1,0,2026-02-01,2,0,1,1,0,315449,"2025-03-29 17:39:09",NULL,"2026-01-01 00:49:07",NULL,NULL,0,1
"Jain's Adwitiya",4068,9441,2025-04-01,MAINTENANCE_CHARGES,4,1,10,1,1,0,2026-02-01,2,0,1,1,0,305210,"2025-03-30 07:05:42",303800,"2026-01-10 14:30:55",NULL,NULL,0,1
"Nisarg Raghvendra",4069,14740,2025-04-01,MAINTENANCE_CHARGES,4,1,9,0,1,0,2026-02-01,2,0,1,1,0,322924,"2025-03-30 08:04:45",NULL,"2026-01-01 00:49:22",NULL,NULL,0,1
"Prasad Nagar C2",4070,10769,2025-04-01,MAINTENANCE_CHARGES,4,1,14,0,1,0,2026-02-01,2,0,1,1,0,298671,"2025-03-30 09:39:49",NULL,"2026-01-01 00:49:25",NULL,NULL,0,1
"R K Majestic",4074,19407,2025-04-01,MAINTENANCE_CHARGES,4,1,14,0,1,0,2026-02-01,2,0,1,1,0,332665,"2025-03-30 11:15:03",NULL,"2026-01-01 00:49:27",NULL,NULL,0,1
"NCN Platina",4075,20736,2025-04-01,MAINTENANCE_CHARGES,4,1,9,0,1,0,2026-02-01,2,0,1,1,0,323435,"2025-03-30 12:12:40",348702,"2026-01-01 00:49:29",NULL,NULL,0,1
"Radha Enclave",4076,19792,2025-03-31,MAINTENANCE_CHARGES,4,1,10,0,1,0,2026-02-01,2,0,1,1,0,295310,"2025-03-30 13:40:31",NULL,"2026-01-01 00:49:35",NULL,NULL,0,1
"Vanashree B and C",4078,797,2025-04-01,MAINTENANCE,4,1,9,0,1,0,2026-02-01,2,0,1,1,0,86451,"2025-03-30 15:48:53",NULL,"2026-01-01 00:49:39",NULL,NULL,0,1
"Veronica Park CHS",4079,12228,2025-04-01,MAINTENANCE_CHARGES,4,1,14,0,1,0,2026-02-01,2,0,1,1,0,77753,"2025-03-30 15:50:41",NULL,"2026-01-01 00:49:42",NULL,NULL,0,1
"Green County Phase-2",4082,7628,2025-04-01,MAINTENANCE_CHARGES,4,1,9,0,1,0,2026-02-01,2,0,1,1,0,234268,"2025-03-30 17:08:14",NULL,"2026-01-01 00:49:47",NULL,NULL,0,1
"legacy millenia",4083,12506,2025-04-01,MAINTENANCE_CHARGES,4,1,9,0,1,0,2026-02-01,2,0,1,1,0,267662,"2025-03-30 17:15:57",NULL,"2026-01-01 00:49:50",NULL,NULL,0,1
"Prabhavathi Windsor",4094,140,2025-04-01,MAINTENANCE_BILL,4,1,10,0,1,0,2026-02-01,2,0,1,1,0,332563,"2025-03-31 06:51:30",NULL,"2026-01-01 00:49:59",NULL,NULL,0,1
"Sunder Apartment",4101,13517,2025-04-01,MAINTENANCE_FEE,4,1,10,0,1,0,2026-02-01,2,0,1,1,0,254182,"2025-03-31 09:14:34",NULL,"2026-01-01 00:50:08",NULL,NULL,0,1
"Aaradhyam Society B Wing",4102,4031,2025-04-01,MAINTENANCE_CHARGES,4,1,14,0,1,0,2026-02-01,2,0,1,1,0,97081,"2025-03-31 09:15:57",NULL,"2026-01-01 00:50:17",NULL,NULL,0,1
"Shiv Square",4111,20612,2025-04-01,MAINTENANCE_CHARGES,4,1,14,0,1,0,2026-02-01,2,0,1,1,0,339437,"2025-03-31 11:14:37",NULL,"2026-01-01 00:50:34",NULL,NULL,0,1
"LUCKNOW OMAXE CITY RESIDENTS AND ALLOTTEES ASSOCIATION",4115,20785,2025-04-01,MAINTENANCE_CHARGES,4,1,6,0,1,0,2026-02-01,2,0,1,1,0,350198,"2025-03-31 11:31:12",NULL,"2026-01-01 00:51:19",NULL,NULL,0,1
"Akshay orchid",4120,9360,2025-04-01,MAINTENANCE_CHARGES,4,1,7,0,1,0,2026-02-01,2,0,1,1,0,312295,"2025-03-31 12:10:42",NULL,"2026-01-01 00:51:03",NULL,NULL,0,1
"Nishant Prime",4121,574,2025-04-01,MAINTENANCE,4,1,10,0,1,0,2026-02-01,2,0,1,1,0,194815,"2025-03-31 12:15:18",NULL,"2026-01-01 00:51:11",NULL,NULL,0,1
"Vizipa Optima",4128,658,2025-04-01,MAINTENANCE,4,1,9,0,1,0,2026-02-01,2,0,1,1,0,333016,"2025-03-31 15:50:12",NULL,"2026-01-01 00:51:16",NULL,NULL,0,1
"Ravikiran Apartment  Condominium",4135,16476,2025-04-01,MAINTENANCE_CHARGES,4,1,14,0,1,0,2026-02-01,2,0,1,1,0,182263,"2025-03-31 16:54:01",NULL,"2026-01-01 00:51:25",NULL,NULL,0,1
"Dream Savera",4140,14410,2025-04-01,MAINTENANCE_CHARGES,4,1,14,0,1,0,2026-02-01,2,0,1,1,0,182408,"2025-03-31 17:29:06",182408,"2026-01-01 00:51:28",NULL,NULL,0,1
"Shivsrushti Park",4145,16553,2025-04-01,MAINTENANCE_CHARGES,4,1,14,0,1,0,2026-02-01,2,0,1,1,0,182231,"2025-03-31 17:53:52",NULL,"2026-01-01 00:51:34",NULL,NULL,0,1
"Sukhwani Pacific 2",4146,13141,2025-04-01,MAINTENANCE_CHARGES,4,1,14,0,1,0,2026-02-01,2,0,1,1,0,182881,"2025-03-31 17:56:36",NULL,"2026-01-01 00:51:41",NULL,NULL,0,1
"Jardin by Sanskruti Lifespaces",4147,20340,2025-04-01,SINKING_FUND_CHARGES,4,1,15,0,1,0,2026-02-01,2,0,1,1,0,322619,"2025-03-31 18:00:47",NULL,"2026-01-01 00:51:45",NULL,NULL,0,1
"Yashone Pirangut A wing",4148,19513,2025-04-01,MAINTENANCE_CHARGES,4,1,19,0,1,0,2026-02-01,2,0,1,1,0,269786,"2025-03-31 18:01:17",NULL,"2026-01-01 00:51:52",NULL,NULL,0,1
"Aarambh Residency",4150,19443,2025-04-01,MAINTENANCE_CHARGES,4,1,14,0,1,0,2026-02-01,2,0,1,1,0,267664,"2025-03-31 18:04:02",NULL,"2026-01-01 00:51:53",NULL,NULL,0,1
"Newry Celestial",4151,19079,2025-04-01,MAINTENANCE_CHARGES,4,1,9,0,1,0,2026-02-01,2,0,1,1,0,332539,"2025-03-31 18:06:32",NULL,"2026-01-01 00:51:57",NULL,NULL,0,1
"Hindustan Valencia Co. Op. Housing Society Ltd",4152,19351,2025-04-01,MAINTENANCE_CHARGES,4,1,14,0,1,0,2026-02-01,2,0,1,1,0,268591,"2025-03-31 18:08:43",NULL,"2026-01-01 00:51:58",NULL,NULL,0,1
"Silver Springs Flora Eleganza",4158,11596,2025-04-01,MAINTENANCE_CHARGE_2,4,1,9,0,1,0,2026-02-01,2,0,1,1,0,331180,"2025-04-01 04:02:01",331180,"2026-01-01 00:52:12",NULL,NULL,0,1
"Silver Springs Flora Eleganza",4159,11596,2025-04-01,MAINTENANCE_CHARGE_1,4,1,9,0,1,0,2026-02-01,2,0,1,1,0,331180,"2025-04-01 04:02:22",331180,"2026-01-01 00:52:18",NULL,NULL,0,1
"Plaza Verdant Phase 2",4160,1120,2025-04-01,MAINTENANCE,4,1,4,0,1,0,2026-02-01,2,0,1,1,0,332516,"2025-04-01 04:17:32",332516,"2026-01-01 00:52:20",NULL,NULL,0,1
"Siddhi Ganesh Chs Ltd",4162,20352,2025-05-01,MAINTENANCE_CHARGES,5,1,20,0,1,0,2026-02-01,2,0,1,1,0,332601,"2025-04-01 05:08:33",NULL,"2026-01-01 00:52:23",NULL,NULL,0,1
"Little Heart A wing",4168,15652,2025-05-01,MAINTENANCE,5,1,19,0,1,0,2026-02-01,2,0,1,1,0,182148,"2025-04-01 05:43:42",NULL,"2026-01-01 00:52:30",NULL,NULL,0,1
"Concrete Pallavi Apartment",4169,20327,2025-05-01,MAINTENANCE_CHARGES,5,1,6,0,1,0,2026-02-01,2,0,1,1,0,323048,"2025-04-01 06:13:25",323048,"2026-01-01 00:52:32",NULL,NULL,0,1
"Plaza Elite Acres",4184,14979,2025-05-01,MAINTENANCE_CHARGES,5,1,7,0,1,0,2026-02-01,2,0,1,1,0,260422,"2025-04-03 06:50:48",260422,"2026-01-01 00:52:41",NULL,NULL,0,1
"Jyothi enclave",4192,9382,2025-05-01,EXTRA_PARKING_CHARGES,5,1,7,0,1,0,2026-02-01,2,0,1,1,0,260212,"2025-04-04 08:47:54",NULL,"2026-01-01 00:52:44",NULL,NULL,0,1
"Sherlyn Regency",4201,18947,2025-05-01,MAINTENANCE_CHARGES,5,1,29,29,1,0,2026-02-01,2,0,1,1,0,243948,"2025-04-06 09:45:27",NULL,"2026-01-01 00:52:47",NULL,NULL,0,1
"Pratham Residency",4218,21548,2025-05-01,MAINTENANCE_CHARGES,5,1,10,0,1,0,2026-02-01,2,0,1,1,0,353523,"2025-04-16 10:25:42",NULL,"2026-01-01 00:52:48",NULL,NULL,0,1
"Shine City H Wing ERP",4220,21355,2025-05-01,MAINTENANCE_CHARGES,5,1,15,0,1,0,2026-02-01,2,0,1,1,0,346194,"2025-04-17 14:01:44",NULL,"2026-01-01 00:52:51",NULL,NULL,0,1
"Imperial Residency HSR",4224,21056,2025-05-01,MAINTENANCE_CHARGES,5,1,20,5,1,0,2026-02-01,2,0,1,1,0,335512,"2025-04-18 10:26:13",NULL,"2026-01-01 00:52:52",NULL,NULL,0,1
"Vision Ace G Building",4229,21408,2025-05-01,MAINTENANCE_CHARGES,5,1,14,0,1,0,2026-02-01,2,0,1,1,0,348902,"2025-04-19 11:59:25",382618,"2026-01-01 00:52:53",NULL,NULL,0,1
"Dreams Elegance CHS Ltd.",4230,17052,2025-05-01,MAINTENANCE_CHARGES_DE,5,1,9,0,1,0,2026-02-01,2,0,1,1,0,348491,"2025-04-20 14:47:14",NULL,"2026-01-01 00:52:57",NULL,NULL,0,1
"Govindam - Jaipur",4242,12064,2025-05-01,MAINTENANCE_CHARGES,5,1,30,7,1,0,2026-02-01,2,0,1,1,0,349966,"2025-04-26 07:16:07",349936,"2026-01-01 00:53:14",NULL,NULL,0,1
"Central Paradise",4248,3449,2025-05-01,MAINTENANCE_BILL,5,1,14,0,1,0,2026-02-01,2,0,1,1,0,350789,"2025-04-27 06:32:05",350789,"2026-01-01 00:54:06",NULL,NULL,0,1
"NOVEL VALLEY",4250,14965,2025-05-01,PENALTY_CHARGES,5,1,20,0,1,0,2026-02-01,2,0,1,1,0,326205,"2025-04-27 07:50:42",NULL,"2026-01-01 00:54:10",NULL,NULL,0,1
"Celestial City Phase 2 A Wing",4252,21518,2025-05-01,MAINTENANCE_CHARGES,5,1,10,0,1,0,2026-02-01,2,0,1,1,0,353078,"2025-04-27 08:29:38",NULL,"2026-01-01 00:54:12",NULL,NULL,0,1
"Kruthika Nilaya",4255,20621,2025-05-01,MAINTENANCE_CHARGES,5,1,14,0,1,0,2026-02-01,2,0,1,1,0,340756,"2025-04-27 11:03:05",NULL,"2026-01-01 00:54:13",NULL,NULL,0,1
"Shreem Heights",4261,16833,2025-05-01,MAINTENANCE,5,1,9,0,1,0,2026-02-01,2,0,1,1,0,209977,"2025-04-29 12:06:36",NULL,"2026-01-01 00:54:20",NULL,NULL,0,1
"NG Paradise BLDG No.2",4262,6047,2025-05-01,MAINTENANCE_BILL,5,1,15,0,1,0,2026-02-01,2,0,1,1,0,313399,"2025-04-29 12:13:03",313399,"2026-01-01 00:54:23",NULL,NULL,0,1
"Sun divine 5",4266,14524,2025-05-01,MAINTENANCE_CHARGES,5,1,14,0,1,0,2026-02-01,2,0,1,1,0,354431,"2025-04-30 06:04:19",354431,"2026-01-01 00:54:28",NULL,NULL,0,1
"Potlapally Residency",4270,21412,2025-05-01,MAINTENANCE_CHARGES,5,1,9,0,1,0,2026-02-01,2,0,1,1,0,349961,"2025-04-30 07:05:49",NULL,"2026-01-01 00:54:31",NULL,NULL,0,1
"SHAHJAHANABAD APARTMENT",4271,14725,2025-05-01,MAINTENANCE_CHARGES,5,1,9,0,1,0,2026-02-01,2,0,1,1,0,349516,"2025-04-30 07:44:31",349516,"2026-01-01 00:54:38",NULL,NULL,0,1
"Samhita Castle",4278,18440,2025-05-01,MAINTENANCE_CHARGES,5,1,8,0,1,0,2026-02-01,2,0,1,1,0,350334,"2025-04-30 10:09:31",NULL,"2026-01-01 00:54:43",NULL,NULL,0,1
"Sai springs",4280,10074,2025-05-01,SAI_SPRINGS_MONTHLY_MAINTENANCE_CHARGES,5,1,10,0,1,0,2026-02-01,2,0,1,1,0,293951,"2025-04-30 10:30:05",NULL,"2026-01-01 00:54:47",NULL,NULL,0,1
"The Royal Castle",4283,404,2025-05-01,MAINTENANCE,5,1,14,0,1,0,2026-02-01,2,0,1,1,0,356802,"2025-04-30 11:34:59",NULL,"2026-01-01 00:55:20",NULL,NULL,0,1
"Tripura Nest Apartments",4285,20059,2025-05-01,MAINTENANCE_CHARGES,5,1,9,0,1,0,2026-02-01,2,0,1,1,0,332392,"2025-04-30 12:05:29",NULL,"2026-01-01 00:55:21",NULL,NULL,0,1
"Definer Serene Drive",4286,1052,2025-05-01,MAINTENANCE_CHARGES,5,1,9,0,1,0,2026-02-01,2,0,1,1,0,279833,"2025-04-30 12:22:40",NULL,"2026-01-01 00:55:26",NULL,NULL,0,1
"Aratt Rolling Whites",4288,15715,2025-05-01,MAINTENANCE_CHARGES,5,1,14,0,1,0,2026-02-01,2,0,1,1,0,259291,"2025-04-30 14:04:03",NULL,"2026-01-01 00:55:32",NULL,NULL,0,1
"Slv SkyHouses",4295,12555,2025-05-01,MAINTENANCE_CHARGES,5,1,4,0,1,0,2026-02-01,2,0,1,1,0,331328,"2025-04-30 17:27:36",NULL,"2026-01-01 00:55:34",NULL,NULL,0,1
"Ratan Neptune B Wing",4297,20639,2025-05-01,MAINTENANCE_CHARGES,5,1,13,0,1,0,2026-02-01,2,0,1,1,0,318115,"2025-04-30 23:02:32",NULL,"2026-01-01 00:55:36",NULL,NULL,0,1
"Hansa Aashirwad Apartments",4298,19058,2025-05-01,MAINTENANCE_CHARGES,5,1,9,0,1,0,2026-02-01,2,0,1,1,0,332538,"2025-05-01 03:09:34",332538,"2026-01-01 00:55:39",NULL,NULL,0,1
"Happy Homes Arka",4301,18772,2025-06-01,MONTHLY_MAINTENANCE_CHARGES,6,1,17,0,1,0,2026-02-01,2,0,1,1,0,350387,"2025-05-01 04:45:24",NULL,"2026-01-01 00:55:41",NULL,NULL,0,1
"BhalchandraNagari CHS",4304,21546,2025-06-01,MAINTENANCE_CHARGES,6,1,15,0,1,0,2026-02-01,2,0,1,1,0,354037,"2025-05-01 06:13:47",NULL,"2026-01-01 00:55:44",NULL,NULL,0,1
"EPA PACIFIC CITY FOWA",4306,3867,2025-05-01,MAINTENANCE,5,1,15,0,1,0,2026-02-01,2,0,1,1,0,332544,"2025-05-01 06:18:25",332544,"2026-01-01 00:55:53",NULL,NULL,0,1
"SS South Crest Apartment",4309,8665,2025-05-01,MAINTENANCE_CHARGES,5,1,14,0,1,0,2026-02-01,2,0,1,1,0,332939,"2025-05-01 06:34:27",332939,"2026-01-01 00:55:58",NULL,NULL,0,1
"Platinum Park, Narhe",4312,21432,2025-06-01,MAINTENANCE_CHARGES,6,1,14,0,1,0,2026-02-01,2,0,1,1,0,349586,"2025-05-01 08:49:50",402657,"2026-01-01 00:56:00",NULL,NULL,0,1
"Rail Vihar Phase 3",4313,17548,2025-05-01,MAINTENANCE_CHARGES,5,1,5,0,1,0,2026-02-01,2,0,1,1,0,190358,"2025-05-01 08:50:16",NULL,"2026-01-01 00:56:03",NULL,NULL,0,1
"Mount Unique Residences - C wing",4317,19469,2025-06-01,MAINTENANCE_CHARGEES,6,1,9,0,1,0,2026-02-01,2,0,1,1,0,269816,"2025-05-02 06:01:12",NULL,"2026-01-01 00:56:05",NULL,NULL,0,1
"Ch. Amar Singh Gahlot Society",4329,1917,2025-06-01,MAINTENANCE_CHARGES,6,1,9,0,1,0,2026-02-01,2,0,1,1,0,357235,"2025-05-03 06:00:20",NULL,"2026-01-01 00:56:08",NULL,NULL,0,1
"Konark Virtue Tower 2",4333,19496,2025-06-01,MAINTENANCE_CHARGES,6,1,14,0,1,0,2026-02-01,2,0,1,1,0,330887,"2025-05-03 09:11:00",NULL,"2026-01-01 00:56:13",NULL,NULL,0,1
"Tamluk DownTown Enclave",4334,21670,2025-06-01,MAINTENANCE_CHARGES,6,1,14,0,1,0,2026-02-01,2,0,1,1,0,359733,"2025-05-03 09:55:34",NULL,"2026-01-01 00:56:17",NULL,NULL,0,1
"Jansen Shrinidhi Villas",4337,7866,2025-06-01,MAINTENANCE,6,1,7,2,1,0,2026-02-01,2,0,1,0,0,353620,"2025-05-03 10:48:35",NULL,"2026-01-01 00:56:22",NULL,NULL,0,1
"Jansen Shrinidhi Villas",4338,7866,2025-06-01,MAINTENANCE_UNOCCUPIED,6,1,7,2,0,0,2026-02-01,2,0,1,0,0,353620,"2025-05-03 10:49:10",NULL,"2026-01-01 00:56:24",NULL,NULL,0,0
"Jansen Shrinidhi Villas",4339,7866,2025-06-01,MAINTENANCE_UNDER_CONSTRUCTION,6,1,7,2,0,0,2026-02-01,2,0,1,0,0,353620,"2025-05-03 10:49:33",353620,"2026-01-01 00:57:03",NULL,NULL,0,0
"Skyline Avenue, Moshi",4340,20762,2025-06-01,MAINTENANCE_CHARGES,6,1,9,0,1,0,2026-02-01,2,0,1,1,0,350770,"2025-05-03 10:51:22",NULL,"2026-01-01 00:57:05",NULL,NULL,0,1
"A R Imperia by Ar Realty",4360,20665,2025-06-01,MAINTENANCE_CHARGE,6,1,9,0,1,0,2026-02-01,2,0,1,1,0,345980,"2025-05-04 10:10:54",NULL,"2026-01-01 00:57:12",NULL,NULL,0,1
"East Sapphire A Block",4367,21706,2025-06-01,MAINTENANCE_CHARGES,6,1,14,0,1,0,2026-02-01,2,0,1,1,0,361649,"2025-05-06 09:54:12",NULL,"2026-01-01 00:57:14",NULL,NULL,0,1
"Avishkar Society Phursungi",4375,20776,2025-06-01,MAINTENANCE_CHARGES,6,1,9,0,1,0,2026-02-01,2,0,1,1,0,345124,"2025-05-07 07:59:27",380925,"2026-01-01 00:57:17",NULL,NULL,0,1
"Vasavi Gp Trends",4377,20482,2025-06-01,RENT_SUPER_MARKET,6,1,9,0,1,0,2026-02-01,2,0,1,1,0,350170,"2025-05-07 11:06:10",413362,"2026-01-01 00:57:27",NULL,NULL,0,1
"Vasavi Gp Trends",4378,20482,2025-06-01,RENT_FOR_PINK_AND_BLUE_SPA,6,1,9,0,1,0,2026-02-01,2,0,1,1,0,350170,"2025-05-07 11:06:37",413362,"2026-01-01 00:57:36",NULL,NULL,0,1
"Vastu Heights 3D Chs Ltd.",4390,21060,2025-12-01,MAINTENANCE_CHARGES,12,1,25,0,1,0,2026-02-01,2,0,1,1,0,336048,"2025-05-11 07:14:33",389974,"2026-01-01 00:57:42",NULL,NULL,0,1
"Vandhana SS Lake View Apartment Owners Welfare Association",4393,16329,2025-06-01,MAINTENANCE_CHARGE,6,1,11,0,1,0,2026-02-01,2,0,1,1,0,188948,"2025-05-11 13:23:49",NULL,"2026-01-01 00:57:44",NULL,NULL,0,1
"DREAMS ELINA BUILDING-C WING CO-OP. HOUSING SOCIETY LIMITED",4404,14835,2025-06-01,MAINTENANCE_CHARGES,6,1,9,0,1,0,2026-02-01,2,0,1,1,0,302311,"2025-05-17 07:38:45",NULL,"2026-01-01 00:57:56",NULL,NULL,0,1
" Mahalakshmi Misty Meadows",4414,5536,2025-06-01,MAINTENANCE_CHARGES,6,1,6,0,1,0,2026-02-01,2,0,1,1,0,332311,"2025-05-20 14:04:37",NULL,"2026-01-01 00:57:59",NULL,NULL,0,1
"Swami Enclave",4415,21403,2025-06-01,MAINTENANCE_CHARGES,6,1,14,0,1,0,2026-02-01,2,0,1,1,0,348687,"2025-05-21 16:11:38",NULL,"2026-01-01 00:58:01",NULL,NULL,0,1
"Casagrand Florella Phase 2",4417,21404,2025-06-01,MAINTENANCE_CHARGES,6,1,6,0,1,0,2026-02-01,2,0,1,1,0,348694,"2025-05-21 16:21:41",413363,"2026-01-01 00:58:02",NULL,NULL,0,1
"Ravinanda Skylights Wing 'C' CHSL",4418,21258,2025-06-01,MAINTENANCE_CHARGES,6,1,14,0,1,0,2026-02-01,2,0,1,1,0,344667,"2025-05-21 16:34:48",NULL,"2026-01-01 00:58:05",NULL,NULL,0,1
"Adhya Radhakrishna CHS B Wing",4423,9772,2025-06-01,MAINTENANCE_CHARGES,6,1,19,0,1,0,2026-02-01,2,0,1,1,0,145452,"2025-05-22 12:37:39",NULL,"2026-01-01 00:58:10",NULL,NULL,0,1
"KG Towers Velachery",4424,20960,2025-06-01,MAINTENANCE_CHARGES,6,1,9,0,1,0,2026-02-01,2,0,1,1,0,371713,"2025-05-22 13:25:17",NULL,"2026-01-01 00:58:12",NULL,NULL,0,1
"Shree Hari Residency",4425,6285,2025-06-01,MAINTENANCE_CHARGES,5,1,10,0,1,0,2026-02-01,1,0,1,1,0,371800,"2025-05-22 13:25:17",NULL,"2026-01-01 00:58:14",NULL,NULL,0,1
"Sampad Aster",4426,15456,2025-06-01,MAINTENANCE_CHARGES,6,1,9,0,1,0,2026-02-01,2,0,1,1,0,371732,"2025-05-23 06:37:17",NULL,"2026-01-01 00:58:18",NULL,NULL,0,1
"Narya Breath Fresh",4427,20296,2025-06-01,MAINTENANCE_CHARGES,6,1,9,0,1,0,2026-02-01,2,0,1,1,0,362327,"2025-05-24 06:44:35",NULL,"2026-01-01 00:58:19",NULL,NULL,0,1
"Prism City Indigo",4428,21580,2025-06-01,MAINTENANCE_CHARGES,6,1,14,0,1,0,2026-02-01,2,0,1,1,0,355659,"2025-05-24 09:53:39",NULL,"2026-01-01 00:58:25",NULL,NULL,0,1
"Pyramid Watsonia",4429,18526,2025-06-01,MAINTENANCE_CHARGES,6,1,28,0,1,0,2026-02-01,2,0,1,1,0,370593,"2025-05-24 10:59:25",NULL,"2026-01-01 00:58:30",NULL,NULL,0,1
"Ganga Legends County A3",4440,15101,2025-06-01,MONTHLY_MAINTENANCE_CHARGES,6,1,9,0,1,0,2026-02-01,2,0,1,1,0,182107,"2025-05-28 13:08:18",NULL,"2026-01-01 00:58:37",NULL,NULL,0,1
"Pavilion CHS",4441,16679,2025-05-31,MAINTENANCE_CHARGES,6,1,14,0,0,0,2026-02-01,2,0,1,0,0,313396,"2025-05-28 13:11:57",NULL,"2026-01-01 00:58:45",NULL,NULL,0,0
"Tanya Apartment",4442,19397,2025-06-01,MONTHLY_MAINTENANCE_CHARGES,6,1,9,0,1,0,2026-02-01,2,0,1,1,0,271721,"2025-05-28 13:53:06",247408,"2026-01-01 00:58:47",NULL,NULL,0,1
"SDPL Paradise",4444,9224,2025-06-01,MAINTENANCE_CHARGES,6,1,6,0,1,0,2026-02-01,2,0,1,1,0,280281,"2025-05-29 09:57:48",NULL,"2026-01-01 00:58:53",NULL,NULL,0,1
"Garuda Blossom",4446,9561,2025-06-01,MAINTENANCE_CHARGES,6,1,9,0,1,0,2026-02-01,2,0,1,1,0,360152,"2025-05-29 13:50:00",NULL,"2026-01-01 00:58:57",NULL,NULL,0,1
"Sree Adithya Elegant ",4447,10582,2025-06-01,MAINTENANCE_CHARGES,6,1,14,0,1,0,2026-02-01,2,0,1,1,0,329414,"2025-05-29 14:02:20",NULL,"2026-01-01 00:59:01",NULL,NULL,0,1
"TIRUPATI GREENZ FLAT CO.OP.HOU.SER.SOC.LTD MEHSANA",4449,21427,2025-09-01,MAINTENANCE_CHARGES,9,1,9,0,1,0,2026-02-01,2,0,1,1,0,349831,"2025-05-30 04:56:11",402473,"2026-01-01 01:00:11",NULL,NULL,0,1
"Patel's planet Jupiter A&B",4451,21597,2025-06-01,MAINTENANCE_CHARGES,6,1,14,0,1,0,2026-02-01,2,0,1,1,0,355045,"2025-05-30 05:15:00",NULL,"2026-01-01 01:00:14",NULL,NULL,0,1
"SYMPHONY SERENITY",4458,21478,2025-06-01,MAINTENANCE_CHARGES,6,1,39,0,1,0,2026-02-01,2,0,1,1,0,360785,"2025-05-30 09:16:16",352130,"2026-01-01 01:00:18",NULL,NULL,0,1
"Sree Shore's Icon Apartment Homes",4482,5228,2025-06-01,MAINTENANCE_CHARGES,6,1,14,0,1,0,2026-02-01,2,0,1,1,0,313089,"2025-05-31 18:04:42",NULL,"2026-01-01 01:00:30",NULL,NULL,0,1
"Bhavisha Bentley Zuri",4485,13071,2025-07-01,MAINTENANCE_CHARGES,7,1,4,0,1,0,2026-02-01,2,0,1,1,0,261870,"2025-05-31 19:25:05",NULL,"2026-01-01 01:00:32",NULL,NULL,0,1
"CASAGRAND FERNS",4498,13713,2025-06-01,MAINTENANCE_CHARGE,6,1,0,0,0,0,2026-02-01,2,0,1,1,0,332149,"2025-06-01 05:40:55",404190,"2026-01-01 01:00:42",NULL,NULL,0,1
"B M Marvel",4501,1374,2025-06-01,SINKING_FUND_COLLECTION_,6,1,19,0,1,0,2026-02-01,2,0,1,1,0,362193,"2025-06-01 07:06:05",NULL,"2026-01-01 01:00:45",NULL,NULL,0,1
"Bhikansheth Park",4505,20004,2025-07-01,MAINTENANCE_CHARGES,7,1,14,0,1,0,2026-02-01,2,0,1,1,0,303338,"2025-06-01 08:52:36",NULL,"2026-01-01 01:00:49",NULL,NULL,0,1
"Solitaire Palms D wing",4508,19888,2025-07-01,MAINTENANCE_CHARGES,7,1,14,0,1,0,2026-02-01,2,0,1,1,0,325470,"2025-06-01 12:26:53",NULL,"2026-01-01 01:00:52",NULL,NULL,0,1
"Anand Villas",4511,19341,2025-06-01,MAINTENANCE_CHARGES,6,1,9,0,1,0,2026-02-01,2,0,1,1,0,332743,"2025-06-01 13:07:10",332743,"2026-01-01 01:00:53",NULL,NULL,0,1
"Lotus Ecstasy Apartment",4512,19939,2025-07-01,MAINTENANCE_CHARGES,7,1,19,0,1,0,2026-02-01,2,0,1,1,0,303094,"2025-06-01 13:25:29",NULL,"2026-01-01 01:00:55",NULL,NULL,0,1
"Shree Siddhivinayak Manasvi",4518,17860,2025-07-01,MAINTENANCE_CHARGES,7,1,14,0,1,0,2026-02-01,2,0,1,1,0,210003,"2025-06-02 08:56:45",NULL,"2026-01-01 01:00:59",NULL,NULL,0,1
"Neeladri Paradise Residents Welfare Association",4520,15152,2025-07-01,MAINTENANCE,7,1,9,0,1,0,2026-02-01,2,0,1,1,0,194942,"2025-06-02 11:53:54",390269,"2026-01-01 01:01:01",NULL,NULL,0,1
"Springs A Co. Op. Housing Society",4521,17104,2025-07-01,MAINTENANCE_CHARGES,7,1,6,0,1,0,2026-02-01,2,0,1,1,0,374186,"2025-06-02 14:41:10",NULL,"2026-01-01 01:01:04",NULL,NULL,0,1
"Aksha Amulyaam ",4529,13776,2025-07-01,MAINTENANCE_CHARGES,7,1,10,0,1,0,2026-02-01,2,0,1,1,0,237012,"2025-06-04 05:33:31",NULL,"2026-01-01 01:01:17",NULL,NULL,0,1
"ERP Fusion Towers B Wing",4532,21469,2025-07-01,MAINTENANCE_CHARGES,7,1,19,0,1,0,2026-02-01,2,0,1,1,0,383730,"2025-06-04 14:52:01",NULL,"2026-01-01 01:01:21",NULL,NULL,0,1
"Pristine Greens Phase 2",4537,17976,2025-07-01,MAINTENANCE_CHARGES_E_WING_,7,1,9,0,1,0,2026-02-01,2,0,1,1,0,355119,"2025-06-07 05:39:56",NULL,"2026-01-01 01:01:34",NULL,NULL,0,1
"Pristine Greens Phase 2",4538,17976,2025-07-01,MAINTENANCE_CHARGES_F_WING_,7,1,9,0,1,0,2026-02-01,2,0,1,1,0,355119,"2025-06-07 05:40:12",NULL,"2026-01-01 01:01:40",NULL,NULL,0,1
"Panchwati Ivy Apartment",4541,21752,2025-07-01,MAINTENANCE_CHARGES,7,1,9,0,1,0,2026-02-01,2,0,1,1,0,370457,"2025-06-08 06:11:15",NULL,"2026-01-01 01:01:45",NULL,NULL,0,1
Skywater,4548,19238,2025-07-01,MAINTENANCE_CHARGES,7,1,14,0,1,0,2026-02-01,2,0,1,1,0,324466,"2025-06-11 10:30:23",NULL,"2026-01-01 01:01:50",NULL,NULL,0,1
"Tirumala Residency Residents Association",4550,19129,2025-07-01,MAINTANCE_CHARGES,6,1,9,0,1,0,2026-02-01,1,0,1,1,0,312197,"2025-06-11 12:20:15",NULL,"2026-01-01 01:01:52",NULL,NULL,0,1
"Mantra Essence D Wing",4553,21888,2025-07-01,MAINTENANCE_CHARGES,7,1,14,0,1,0,2026-02-01,2,0,1,1,0,373910,"2025-06-12 07:17:44",NULL,"2026-01-01 01:01:56",NULL,NULL,0,1
"Konark Virtue Tower 3",4563,21517,2025-07-01,MAINTENANCE_CHARGES,7,1,9,0,1,0,2026-02-01,2,0,1,1,0,381647,"2025-06-13 12:40:56",NULL,"2026-01-01 01:01:59",NULL,NULL,0,1
"SVS Windgates",4567,17738,2025-07-01,MAINTENANCE_CHARGES,7,1,10,0,1,0,2026-02-01,2,0,1,1,0,380932,"2025-06-15 06:03:54",NULL,"2026-01-01 01:02:07",NULL,NULL,0,1
"United sai arcade",4574,14152,2025-07-01,MAINTENANCE,7,1,10,0,1,0,2026-02-01,2,0,1,1,0,304860,"2025-06-15 09:56:39",NULL,"2026-01-01 01:02:14",NULL,NULL,0,1
"S&P Living Spaces",4576,2191,2025-07-01,MAINTENANCE_FEE,7,1,9,0,1,0,2026-02-01,2,0,1,1,0,332180,"2025-06-15 12:03:25",332180,"2026-01-01 01:02:39",NULL,NULL,0,1
"SJ East Breeze",4577,4114,2025-07-01,MAINTENANCE_BILL,7,1,10,0,1,0,2026-02-01,2,0,1,1,0,312160,"2025-06-15 12:21:57",NULL,"2026-01-01 01:02:42",NULL,NULL,0,1
"balaji buildcon society",4581,13747,2025-07-01,MAINTENANCE_CHARGES,7,0,14,0,1,0,2026-02-01,2,0,1,1,0,299611,"2025-06-15 13:19:10",299611,"2026-01-01 12:15:16",NULL,NULL,0,1
"Namo Paradise",4589,21005,2025-07-01,MAINTENANCE_CHARGES,7,1,9,0,1,0,2026-02-01,2,0,1,1,0,361794,"2025-06-17 13:39:00",NULL,"2026-01-01 01:03:05",NULL,NULL,0,1
"Polaris Society",4597,21585,2025-07-01,MAINTENANCE_CHARGES,7,1,9,0,1,0,2026-02-01,2,0,1,1,0,357252,"2025-06-19 09:44:00",NULL,"2026-01-01 01:03:06",NULL,NULL,0,1
"Ushoodaya Trinity",4599,5813,2025-07-01,MAINTANANCE_BILL,7,1,14,0,1,0,2026-02-01,2,0,1,1,0,293890,"2025-06-19 14:06:46",NULL,"2026-01-01 01:03:10",NULL,NULL,0,1
"ROSE MANSHION",4606,4844,2025-07-01,MAINTANANCE_CHARGES,7,1,9,0,1,0,2026-02-01,2,0,1,1,0,359754,"2025-06-20 09:36:22",NULL,"2026-01-01 01:03:13",NULL,NULL,0,1
"Anjana Classic",4614,14960,2025-07-01,MAINTENANCE,7,1,10,0,1,0,2026-02-01,2,0,1,1,0,266406,"2025-06-20 10:33:19",412748,"2026-01-01 01:03:18",NULL,NULL,0,1
"Mantra Moments E Wing ERP.",4626,14059,2025-07-01,MAINTENANCE_CHARGES,7,1,9,0,1,0,2026-02-01,2,0,1,1,0,164962,"2025-06-20 14:48:15",NULL,"2026-01-01 01:03:26",NULL,NULL,0,1
"Tanish Unnati",4635,15901,2025-07-01,MAINTENANCE,7,1,19,0,1,0,2026-02-01,2,0,1,1,0,182239,"2025-06-20 14:59:37",NULL,"2026-01-01 01:03:32",NULL,NULL,0,1
"Vishwajeet residency ",4638,15124,2025-07-01,MAINTENANCE_CHARGES,7,1,14,0,1,0,2026-02-01,2,0,1,1,0,182309,"2025-06-20 15:01:37",NULL,"2026-01-01 01:03:40",NULL,NULL,0,1
"Earth chs jai mata di",4649,9890,2025-07-01,EARTH_AB_CHS_MAINTAINANCE,7,1,14,0,1,0,2026-02-01,2,0,1,1,0,350587,"2025-06-21 04:39:25",350587,"2026-01-01 01:03:44",NULL,NULL,0,1
"Sun shela one coop Hou Ser Society",4656,11721,2025-07-01,MAINTENANCE_CHARGES,7,1,9,0,1,0,2026-02-01,2,0,1,1,0,360066,"2025-06-21 07:35:33",NULL,"2026-01-01 01:03:50",NULL,NULL,0,1
"MOHAN SUBURBIA PHASE 2 SALISBURY OPERATIVE HOUSING SOCIETY LIMITED",4657,19099,2025-07-01,MAINTENANCE_CHARGES_I2_WING_,7,1,29,0,1,0,2026-02-01,2,0,1,1,0,343107,"2025-06-21 07:57:00",NULL,"2026-01-01 01:03:53",NULL,NULL,0,0
"Amarana Residences",4669,19502,2025-07-01,NEW_MAINTENANCE_CHARGES,7,1,9,0,1,0,2026-02-01,2,0,1,1,0,296946,"2025-06-21 11:17:48",NULL,"2026-01-01 01:03:56",NULL,NULL,0,1
"Diamond crest",4678,10212,2025-07-01,MAINTENANCE_CHARGES,7,1,9,0,1,0,2026-02-01,2,0,1,1,0,283139,"2025-06-21 11:32:11",283139,"2026-01-01 01:04:00",NULL,NULL,0,1
"Celebrity Natures Habitat ",4682,14052,2025-07-01,MAINTENANCE,7,1,15,0,1,0,2026-02-01,2,0,1,1,0,304957,"2025-06-21 11:36:21",304957,"2026-01-01 01:04:14",NULL,NULL,0,1
"Balaji Nest",4685,10956,2025-07-01,MAINTENANCE,7,1,14,0,1,0,2026-02-01,2,0,1,1,0,182140,"2025-06-21 12:14:08",NULL,"2026-01-01 01:04:18",NULL,NULL,0,1
"Aishwaryam Hamara A09",4699,15163,2025-07-01,MAINTENANCE_CHARGES,6,1,19,0,1,0,2026-02-01,1,0,1,1,0,183344,"2025-06-25 08:37:25",NULL,"2026-01-01 01:04:30",NULL,NULL,0,1
"Sbr Gokulam",4708,15621,2025-07-01,MONTHLY_MAINTENANCE,7,1,5,0,1,0,2026-02-01,2,0,1,1,0,283991,"2025-06-26 13:31:16",NULL,"2026-01-01 01:04:35",NULL,NULL,0,1
"APR Crystal Avenue ",4710,15249,2025-07-01,MAINTENANCE_CHARGES,7,1,9,0,1,0,2026-02-01,2,0,1,1,0,282397,"2025-06-26 13:54:31",NULL,"2026-01-01 01:04:42",NULL,NULL,0,1
"Hirize Rich Park",4711,12201,2025-07-01,MAINTENANCE,7,1,14,0,1,0,2026-02-01,2,0,1,1,0,272009,"2025-06-26 14:06:25",NULL,"2026-01-01 01:04:47",NULL,NULL,0,1
"Aditya Heights",4730,4438,2025-07-01,MONTHLY_MAINTENANCE,7,1,14,0,1,0,2026-02-01,2,0,1,1,0,271898,"2025-06-27 14:39:05",NULL,"2026-01-01 01:04:53",NULL,NULL,0,1
"Bhanu Township Aster block",4731,8844,2025-07-01,ASTER_BLOCK_MONTHLY_MAINTENANCE,7,1,9,0,1,0,2026-02-01,2,0,1,1,0,281459,"2025-06-27 17:19:52",281459,"2026-01-01 01:04:59",NULL,NULL,0,1
"Alta Vida",4735,12188,2025-07-01,MAINTENANCE_FEE,7,1,9,0,1,0,2026-02-01,2,0,1,1,0,348871,"2025-06-28 10:57:21",NULL,"2026-01-01 01:05:20",NULL,NULL,0,1
"Pratigjna apartments",4736,21753,2025-07-01,MONTHLY_MAINTENANCE,7,1,9,0,1,0,2026-02-01,2,0,1,1,0,362737,"2025-06-28 11:45:13",NULL,"2026-01-01 01:05:21",NULL,NULL,0,1
"Whitefield Mudra Phase 1",4737,21558,2025-07-01,MAINTENANCE_CHARGES,7,1,9,0,1,0,2026-02-01,2,0,1,1,0,353875,"2025-06-28 11:49:57",NULL,"2026-01-01 01:05:23",NULL,NULL,0,1
"S&P Living Spaces",4744,2191,2025-07-01,MAINTENANCE_FEE_TYPE_2,7,1,9,0,1,0,2026-02-01,2,0,1,1,0,332180,"2025-06-29 06:53:21",NULL,"2026-01-01 01:06:16",NULL,NULL,0,1
"Srinivasa Lake View Villas",4745,3158,2025-07-01,MAINTENANCE_BILL,7,1,9,0,1,0,2026-02-01,2,0,1,1,0,266465,"2025-06-29 06:55:02",NULL,"2026-01-01 01:06:21",NULL,NULL,0,1
"Quality Gardenia Owners Association",4747,15486,2025-07-01,MAINTENANCE,7,1,9,0,1,0,2026-02-01,2,0,1,1,0,274133,"2025-06-29 07:01:05",NULL,"2026-01-01 01:06:25",NULL,NULL,0,1
"Woodstock Apartment",4752,10340,2025-07-01,MONTHLY_MAINTENANCE,7,1,12,0,1,0,2026-02-01,2,0,1,1,0,40925,"2025-06-29 07:18:05",NULL,"2026-01-01 01:06:34",NULL,NULL,0,1
"Keshav Estates",4759,20839,2025-07-01,MAINTENANCE_CHARGES,7,1,9,0,1,0,2026-02-01,2,0,1,1,0,382420,"2025-06-29 07:37:49",NULL,"2026-01-01 01:06:36",NULL,NULL,0,1
"Concrete Vivanta",4762,10228,2025-07-01,MAINTENANCE_CHARGES,7,1,24,0,1,0,2026-02-01,2,0,1,1,0,387816,"2025-06-29 07:52:24",NULL,"2026-01-01 01:06:50",NULL,NULL,0,1
"BM SHREYA HOMES ( ELEGANCE )",4771,20448,2025-07-01,MAINTENANCE_CHARGES,7,1,10,0,1,0,2026-02-01,2,0,1,1,0,351259,"2025-06-29 08:51:43",NULL,"2026-01-01 01:06:55",NULL,NULL,0,1
"Songbirds Tower 2 & 2A",4778,18324,2025-07-01,MONTHLY_MAINTENANCE_CHARGES,7,1,14,0,1,0,2026-02-01,2,0,1,1,0,281175,"2025-06-29 10:21:18",NULL,"2026-01-01 01:07:07",NULL,NULL,0,1
"DS Srushti Co-op Hsg. Society",4779,957,2025-07-01,MAINTENANCE_CHARGES,7,1,17,0,1,0,2026-02-01,2,0,1,1,0,281686,"2025-06-29 10:37:56",NULL,"2026-01-01 01:07:12",NULL,NULL,0,1
"Silver 9 D Wing ERP",4796,16568,2025-07-01,MAINTENANCE_CHARGES,7,1,14,0,1,0,2026-02-01,2,0,1,1,0,182893,"2025-06-30 08:51:24",NULL,"2026-01-01 01:07:19",NULL,NULL,0,1
"MOHAN SUBURBIA PHASE 2 SALISBURY OPERATIVE HOUSING SOCIETY LIMITED",4802,19099,2025-07-01,MAINTENANCE_CHARGES_C2_WING_,7,1,29,0,1,0,2026-02-01,2,0,1,1,0,343107,"2025-06-30 11:04:22",343107,"2026-01-31 18:41:01",NULL,NULL,0,0
"Puru Apartment",4809,2532,2025-07-01,MAINTENANCE,7,1,15,0,1,0,2026-02-01,2,0,1,1,0,254185,"2025-06-30 12:45:09",254185,"2026-01-01 01:07:38",NULL,NULL,0,1
"Mantra Moments D wing",4812,9979,2025-07-01,MAINTENANCE_CHARGES,7,1,9,0,1,0,2026-02-01,2,0,1,1,0,274902,"2025-06-30 12:55:54",436304,"2026-01-01 12:33:06",NULL,NULL,0,1
"Praneeth pranav leaf ",4819,19798,2025-07-01,MAINTENANCE_CHARGES,7,1,9,0,1,0,2026-02-01,2,0,1,1,0,328296,"2025-06-30 14:06:52",NULL,"2026-01-01 01:07:53",NULL,NULL,0,1
"JRK Gardens",4822,20224,2025-07-01,MAINTENANCE_CHARGES,7,1,15,0,1,0,2026-02-01,2,0,1,1,0,322723,"2025-06-30 14:58:53",322723,"2026-01-01 01:07:59",NULL,NULL,0,1
"Malnad Arcade",4825,10017,2025-07-01,MONTHLY_MAINTENANCE,7,1,10,0,1,0,2026-02-01,2,0,1,1,0,344130,"2025-06-30 15:26:33",NULL,"2026-01-01 01:08:05",NULL,NULL,0,1
"SJ Trillium",4827,21957,2025-07-01,MAINTENANCE_CHARGES,7,1,4,0,1,0,2026-02-01,2,0,1,1,0,381921,"2025-06-30 15:35:30",NULL,"2026-01-01 01:08:07",NULL,NULL,0,1
"VGN Amity ERP",4831,7043,2025-07-01,MAINTENANCE,6,1,14,0,1,0,2026-02-01,1,0,1,1,0,350190,"2025-06-30 16:25:24",NULL,"2026-01-01 01:08:19",NULL,NULL,0,1
"A block, Madhuban Society",4836,20105,2025-08-01,MAINTENANCE_CHARGES,8,1,14,0,1,0,2026-02-01,2,0,1,1,0,313332,"2025-07-01 03:45:37",NULL,"2026-01-01 01:08:21",NULL,NULL,0,1
"SV Legacy - Apartments",4846,21237,2025-08-01,MAINTENANCE_CHARGES,8,1,12,0,1,0,2026-02-01,2,0,1,1,0,389375,"2025-07-01 06:47:03",389375,"2026-01-01 01:08:33",NULL,NULL,0,1
"Fortius Waterscape",4848,15385,2025-08-01,MAINTENANCE_CHARGES,8,1,14,0,1,0,2026-02-01,2,0,1,1,0,202387,"2025-07-01 08:36:48",202387,"2026-01-01 01:08:39",NULL,NULL,0,1
QueensLand,4850,17790,2025-08-01,MAINTENANCE_CHARGES,8,1,14,0,1,0,2026-02-01,2,0,1,1,0,324358,"2025-07-01 09:31:08",NULL,"2026-01-01 01:08:45",NULL,NULL,0,1
"Kunj nest flats",4858,21695,2025-09-01,MAINTENANCE_CHARGES,9,1,14,0,1,0,2026-02-01,2,0,1,1,0,379253,"2025-07-01 14:31:19",402726,"2026-01-01 01:08:49",NULL,NULL,0,1
"Saptagiri Maharshi Gokulam",4860,20725,2025-08-01,MAINTENANCE_CHARGES,8,1,6,0,1,0,2026-02-01,2,0,1,1,0,380888,"2025-07-02 04:52:12",380888,"2026-01-01 01:08:52",NULL,NULL,0,1
"SHREE RADHE KRISHNA ROYAL",4866,20061,2025-08-01,MAINTENANCE_CHARGES,8,1,19,0,0,0,2026-02-01,2,0,1,0,0,299006,"2025-07-02 13:02:21",360372,"2026-01-31 15:41:44",NULL,NULL,0,0
"The Address F Wing",4884,22174,2025-08-01,MAINTENANCE_CHARGES,8,1,14,0,1,0,2026-02-01,2,0,1,1,0,390889,"2025-07-06 05:11:56",NULL,"2026-01-01 01:09:04",NULL,NULL,0,1
"Jai Ganesh Samrajya F",4885,20981,2025-08-01,MAINTENANCE_CHARGES,8,1,19,0,1,0,2026-02-01,2,0,1,1,0,382550,"2025-07-06 11:23:46",NULL,"2026-01-01 01:09:06",NULL,NULL,0,1
"Amogha Homes_ Gopanpally",4889,21713,2025-08-01,MAINTENANCE_CHARGES,8,1,5,2,1,0,2026-02-01,2,0,1,1,0,366047,"2025-07-10 09:21:27",NULL,"2026-01-01 01:09:16",NULL,NULL,0,1
"Sree Daksha's ARCIS apartment",4894,19759,2025-08-01,MAINTENANCE_CHARGE,8,1,11,0,1,0,2026-02-01,2,0,1,1,0,311955,"2025-07-11 11:29:15",NULL,"2026-01-01 01:09:21",NULL,NULL,0,1
"Srivari Kutira",4895,17876,2025-08-01,MONTHLY_MAINTENANCE_CHARGES,8,1,6,0,1,0,2026-02-01,2,0,1,1,0,348724,"2025-07-12 07:01:55",NULL,"2026-01-01 01:09:22",NULL,NULL,0,1
"HSR Vasudha",4896,21928,2025-08-01,MAINTENANCE_CHARGES,8,1,10,0,1,0,2026-02-01,2,0,1,1,0,382655,"2025-07-12 07:17:04",NULL,"2026-01-01 01:09:24",NULL,NULL,0,1
"HSR Vasudha",4897,21928,2025-08-01,CORPUS_FUND,8,1,10,0,1,0,2026-02-01,2,0,1,1,0,382458,"2025-07-12 07:18:28",NULL,"2026-01-01 01:09:26",NULL,NULL,0,1
"Marutham Breeze",4900,6137,2025-07-31,MAINTENANCE_FEE_NEW,7,1,10,0,1,0,2026-02-01,1,0,1,1,0,373839,"2025-07-13 07:27:08",NULL,"2026-01-01 01:09:36",NULL,NULL,0,1
"Sree Primus Apartments",4901,20982,2025-08-01,MAINTENANCE_CHARGES,8,1,9,0,1,0,2026-02-01,2,0,1,1,0,348747,"2025-07-13 07:39:24",NULL,"2026-01-01 01:09:37",NULL,NULL,0,1
"SREE BALAJI NEST",4902,19902,2025-07-31,SOCIETY_MAINTENANCE_CHARGES,8,1,4,0,1,0,2026-02-01,2,0,1,1,0,357314,"2025-07-13 08:22:44",NULL,"2026-01-01 01:09:40",NULL,NULL,0,1
"ARS Elite",4910,820,2025-07-31,MAINTENANCE,8,1,6,1,1,0,2026-02-01,2,0,1,1,0,377041,"2025-07-13 09:58:40",NULL,"2026-01-01 01:09:45",NULL,NULL,0,1
"Golden Homes Sathya Devaki Residency",4911,20182,2025-08-01,MAINTENANCE_CHARGES,8,1,10,0,1,0,2026-02-01,2,0,1,1,0,311606,"2025-07-13 10:06:46",412965,"2026-01-01 01:09:48",NULL,NULL,0,1
"Signature Crest",4916,19951,2025-08-01,MAINTENANCE_CHARGES,8,1,14,0,1,0,2026-02-01,2,0,1,1,0,331798,"2025-07-13 10:59:24",NULL,"2026-01-01 01:09:53",NULL,NULL,0,1
"Keerthi Splendour",4917,21153,2025-08-01,MAINTENANCE_CHARGES,8,1,14,0,1,0,2026-02-01,2,0,1,1,0,348753,"2025-07-13 11:05:58",NULL,"2026-01-01 01:09:55",NULL,NULL,0,1
"Shakthi Fairmont",4919,20993,2025-08-01,APARTMENT_PAINTING_COLLECTION,8,1,14,0,1,0,2026-02-01,2,0,1,1,0,357135,"2025-07-13 11:16:36",NULL,"2026-01-01 01:09:57",NULL,NULL,0,1
"Nagarjuna dream land",4920,15747,2025-08-01,MAINTENANCE,8,1,10,0,1,0,2026-02-01,2,0,1,1,0,347507,"2025-07-13 11:17:28",NULL,"2026-01-01 01:10:11",NULL,NULL,0,1
"Platinum Lifestyle Apartment Owners Cooperative Society Limited",4921,11615,2025-08-01,MAINTENANCE_CHARGES,8,1,5,5,1,0,2026-02-01,2,0,1,1,0,257038,"2025-07-13 11:17:57",NULL,"2026-01-01 01:10:23",NULL,NULL,0,1
"Sowmya Shailam",4924,18574,2025-08-01,MAINTENANCE_CHARGES_NEW,7,1,9,0,1,0,2026-02-01,1,0,1,1,0,350304,"2025-07-13 11:28:16",NULL,"2026-01-01 01:10:25",NULL,NULL,0,1
"Icon casa grande",4931,18507,2025-08-01,MAINTENANCE_CHARGE,8,1,5,4,1,0,2026-02-01,2,0,1,1,0,342412,"2025-07-15 05:43:40",NULL,"2026-01-01 01:10:32",NULL,NULL,0,1
"Shreyasi Apartment",4933,22257,2025-08-01,MAINTENANCE_CHARGES,8,1,14,0,1,0,2026-02-01,2,0,1,1,0,394055,"2025-07-15 11:28:17",410259,"2026-01-01 01:10:34",NULL,NULL,0,1
"Prime Manshion Apartments",4934,10585,2025-07-31,MAINTENANCE_BILL,8,1,10,0,1,0,2026-02-01,2,0,1,1,0,313113,"2025-07-15 12:05:48",NULL,"2026-01-01 01:10:39",NULL,NULL,0,1
"Casagrand Bellissimo",4938,14454,2025-08-01,MAINTENANCE_CHARGE,8,1,9,0,1,0,2026-02-01,2,0,1,0,0,331156,"2025-07-15 12:46:44",444459,"2026-01-01 11:26:55",NULL,NULL,0,1
"South Park residents welfare association ",4939,14534,2025-08-01,MAINTENANCE,8,1,14,0,1,0,2026-02-01,2,0,1,1,0,358603,"2025-07-15 12:48:23",358603,"2026-01-01 01:11:00",NULL,NULL,0,1
"Casagrand Bellissimo",4940,14454,2025-08-01,CONTRIBUTION_TOWARDS_CAPITAL_FUND,8,1,9,0,1,0,2026-02-01,2,0,1,0,0,331156,"2025-07-15 12:48:31",444459,"2026-01-01 11:26:48",NULL,NULL,0,1
"SSB ROYALE APARTMENT",4949,19366,2025-07-31,MAINTENANCE_CHARGES,8,1,10,0,1,0,2026-02-01,2,0,1,1,0,312205,"2025-07-16 09:04:57",247427,"2026-01-01 01:11:14",NULL,NULL,0,1
"Golden Telecom Enclave Apartments",4952,22014,2025-08-01,MAINTENANCE_CHARGES,8,1,9,5,1,0,2026-02-01,2,0,1,1,0,384949,"2025-07-17 05:24:19",NULL,"2026-01-01 01:11:15",NULL,NULL,0,1
"DNA Eden view",4956,13138,2025-08-01,MAINTENANCE_CHARGES,8,1,10,0,1,0,2026-02-01,2,0,1,1,0,332775,"2025-07-17 12:17:30",NULL,"2026-01-01 01:11:27",NULL,NULL,0,1
"Prabhavati Divine",4957,13474,2025-08-01,MAINTENANCE_CHARGES,8,1,14,0,1,0,2026-02-01,2,0,1,1,0,333171,"2025-07-17 13:09:34",410169,"2026-01-01 01:11:31",NULL,NULL,0,1
"Sharanya Arcade Apartment",4959,19766,2025-08-01,MAINTENANCE_CHARGES,8,1,9,0,1,0,2026-02-01,2,0,1,0,0,268483,"2025-07-17 13:20:14",401262,"2026-01-01 08:00:03",NULL,NULL,0,1
"Vaishno Solitaire",4960,10394,2025-08-01,MONTHLY_MAINTENANCE_SCHEDULE,8,1,11,0,1,0,2026-02-01,2,0,1,1,0,332823,"2025-07-17 13:20:18",NULL,"2026-01-01 01:12:11",NULL,NULL,0,1
"Atharva Bliss B Wing ERP",4963,17590,2025-07-31,MAINTENANCE_BILL,8,1,10,0,1,0,2026-02-01,2,0,1,1,0,382201,"2025-07-17 13:37:17",NULL,"2026-01-01 01:12:13",NULL,NULL,0,1
"Shree Ram Hill View",4967,20506,2025-08-01,MAINTENANCE_CHARGES,8,1,9,0,1,0,2026-02-01,2,0,1,1,0,332666,"2025-07-17 14:03:37",NULL,"2026-01-01 01:12:19",NULL,NULL,0,1
"The Leaf GH Oak Society",4968,20774,2025-08-01,MAINTENANCE_CHARGES,8,1,15,0,1,0,2026-02-01,2,0,1,1,0,362210,"2025-07-17 14:07:57",NULL,"2026-01-01 01:12:22",NULL,NULL,0,1
"Lifestyle Magnum Co Op Housing Society Ltd",4981,20197,2025-07-31,MAINTENANCE_CHARGES,8,1,10,0,1,0,2026-02-01,2,0,1,1,0,322984,"2025-07-18 07:16:01",NULL,"2026-01-01 01:12:30",NULL,NULL,0,1
"Pearl Village",4986,19107,2025-08-01,MAINTENANCE_CHARGES,8,1,30,0,1,0,2026-02-01,2,0,1,1,0,348995,"2025-07-18 07:38:06",348995,"2026-01-01 01:12:34",NULL,NULL,0,1
"Pride sunrise",4990,12816,2025-08-01,MAINTENANCE_CHARGES,8,1,9,0,1,0,2026-02-01,2,0,1,1,0,279840,"2025-07-18 07:54:03",437537,"2026-01-01 01:12:38",NULL,NULL,0,1
"Rajshree Pariwar Resident Welfare Society",4995,21009,2025-08-01,MONTHLY_BILL,8,1,15,0,1,0,2026-02-01,2,0,1,1,0,349072,"2025-07-18 08:03:07",NULL,"2026-01-01 01:12:46",NULL,NULL,0,0
"Elina Living E&F Co-operative Housing Society Ltd",5007,20832,2025-08-01,MAINTENANCE_CHARGES,8,1,14,0,1,0,2026-02-01,2,0,1,1,0,349296,"2025-07-18 13:48:44",NULL,"2026-01-01 01:13:15",NULL,NULL,0,1
"Nakshatra heights",5012,14526,2025-08-01,MAINTENANCE_CHARGES,8,1,11,0,1,0,2026-02-01,2,0,1,1,0,390548,"2025-07-19 10:46:21",390548,"2026-01-01 01:13:26",NULL,NULL,0,1
"JSR The Banyan",5013,19864,2025-08-01,MAINTENANCE_CHARGES,8,1,19,0,1,0,2026-02-01,2,0,1,1,0,311658,"2025-07-19 10:57:25",NULL,"2026-01-01 01:13:29",NULL,NULL,0,1
"CASAGRAND Woodside",5015,9258,2025-08-01,MAINTENANCE_CHARGES,8,1,10,0,1,0,2026-02-01,2,0,1,1,0,332739,"2025-07-19 13:29:42",NULL,"2026-01-01 01:13:36",NULL,NULL,0,1
"SV ELEGANT",5017,19516,2025-08-01,MAINTENANCE_CHARGES,8,1,9,0,1,0,2026-02-01,2,0,1,1,0,348754,"2025-07-19 13:47:13",NULL,"2026-01-01 01:13:39",NULL,NULL,0,1
"Saiven siesta",5027,9789,2025-08-01,MAINTENANCE_CHARGES,8,1,13,0,1,0,2026-02-01,2,0,1,1,0,381750,"2025-07-21 05:56:01",NULL,"2026-01-01 01:13:43",NULL,NULL,0,1
"GARDEN RESIDENCY ",5033,19966,2025-08-01,MAINTENANCE_CHARGES,8,1,19,0,1,0,2026-02-01,2,0,1,1,0,311412,"2025-07-23 08:14:18",401834,"2026-01-01 01:13:48",NULL,NULL,0,1
"OMKAR HILL CO OPERATIVE HOUSING SERVICE SOCIETY LIMITED",5043,16131,2025-08-01,MAINTENANCE_CHARGES,8,1,14,0,1,0,2026-02-01,2,0,1,1,0,380787,"2025-07-25 09:58:27",NULL,"2026-01-01 01:13:56",NULL,NULL,0,1
"LVS Elegance and Elite",5045,11206,2025-08-01,MONTHLY_MAINTENANCE,8,1,9,0,1,0,2026-02-01,2,0,1,1,0,311847,"2025-07-25 13:49:31",NULL,"2026-01-01 01:14:01",NULL,NULL,0,1
"STERLING BLOOM BUILDING B CO-OPERATIVE HOUSING SOCIETY LTD.",5047,22144,2025-08-01,MAINTENANCE_CHARGES,8,1,14,0,1,0,2026-02-01,2,0,1,1,0,390717,"2025-07-26 05:51:03",NULL,"2026-01-01 01:14:02",NULL,NULL,0,1
"Raj Vaibhav NX CHS Building No 3A & 3B",5049,10759,2025-08-01,MAINTENANCE_BILL_24_25,8,1,14,0,1,0,2026-02-01,2,0,1,1,0,400099,"2025-07-26 07:14:37",NULL,"2026-01-01 01:14:17",NULL,NULL,0,1
"Shivkala Apartments - Sector 51",5055,21945,2025-08-01,MAINTENANCE_CHARGES,8,1,6,1,1,0,2026-02-01,2,0,1,1,0,384763,"2025-07-27 09:06:16",384763,"2026-01-01 01:14:20",NULL,NULL,0,1
"Sanjuda Complex A wing",5056,19446,2025-08-01,MAINTENANCE_CHARGES,8,1,14,0,1,0,2026-02-01,2,0,1,1,0,337657,"2025-07-27 09:16:00",NULL,"2026-01-01 01:14:21",NULL,NULL,0,1
"The orchard flat owners welfare Association",5058,15336,2025-08-01,MAINTENANCE_CHARGES,8,1,9,0,1,0,2026-02-01,2,0,1,1,0,358421,"2025-07-28 10:22:31",NULL,"2026-01-01 01:14:25",NULL,NULL,0,1
"Sraddha Silver Springs",5062,21632,2025-07-31,MAINTENANCE_CHARGES,7,1,20,0,1,0,2026-02-01,1,0,1,1,0,361620,"2025-07-29 05:18:42",NULL,"2026-01-01 01:14:28",NULL,NULL,0,1
"Shreeram Kalash Co-operative Housing Society Limited",5064,17262,2025-08-01,MAINTENANCE_CHARGES_,8,1,9,0,1,0,2026-02-01,2,0,1,1,0,279722,"2025-07-29 05:46:11",NULL,"2026-01-01 01:14:32",NULL,NULL,0,1
"North Winds",5068,19656,2025-08-01,MAINTENANCE_CHARGES,8,1,11,0,1,0,2026-02-01,2,0,1,1,0,282371,"2025-07-29 10:40:47",NULL,"2026-01-01 01:14:34",NULL,NULL,0,1
"Sruthika springfields",5069,12169,2025-09-01,MAINTENANCE_CHARGES_MONTHLY,9,1,14,0,1,0,2026-02-01,2,0,1,1,0,322330,"2025-07-29 12:09:41",322330,"2026-01-01 01:14:44",NULL,NULL,0,1
"SRI Green Wood",5074,21975,2025-08-01,MAINTENANCE_CHARGES,8,1,4,0,1,0,2026-02-01,2,0,1,1,0,390756,"2025-07-30 05:04:31",NULL,"2026-01-01 01:15:02",NULL,NULL,0,1
"Shreemanyogi society",5077,20400,2025-08-01,MAINTENANCE_CHARGES,8,1,14,0,1,0,2026-02-01,2,0,1,1,0,390220,"2025-07-30 07:55:06",NULL,"2026-01-01 01:15:04",NULL,NULL,0,1
"Sravya's Flute 1",5079,20356,2025-08-01,MAINTENANCE_CHARGES,7,1,4,0,1,0,2026-02-01,1,0,1,1,0,402007,"2025-07-30 10:01:37",NULL,"2026-01-01 01:15:07",NULL,NULL,0,1
"Lifestyle Magnum Co Op Housing Society Ltd",5080,20197,2025-07-31,REPAIR_MAINTENANCE,8,1,10,0,1,0,2026-02-01,2,0,1,1,0,322984,"2025-07-30 10:49:05",NULL,"2026-01-01 01:15:12",NULL,NULL,0,1
"Lifestyle Magnum Co Op Housing Society Ltd",5081,20197,2025-07-31,NON_OCCUPANCY_CHARGES,8,1,10,0,1,0,2026-02-01,2,0,1,1,0,322984,"2025-07-30 10:49:26",NULL,"2026-01-01 01:15:17",NULL,NULL,0,1
"PRAKRUTI PALLADIUM CO-OPERATIVE HOUSING SOCIETY LTD.",5087,17289,2025-08-01,MAINTENANCE_CHARGES,8,1,9,0,1,0,2026-02-01,2,0,1,1,0,303660,"2025-07-30 14:16:45",NULL,"2026-01-01 01:15:19",NULL,NULL,0,1
"Sabari Serenity Apartment",5088,20050,2025-09-01,MAINTENANCE_CHARGES,9,1,9,0,1,0,2026-02-01,2,0,1,1,0,332573,"2025-07-30 14:32:02",NULL,"2026-01-01 01:15:29",NULL,NULL,0,1
"Janapriya township",5099,5162,2025-08-01,MAINTENANCE_BILL,7,1,19,0,1,0,2026-02-01,1,0,1,1,0,381615,"2025-07-31 06:09:12",NULL,"2026-01-01 01:15:53",NULL,NULL,0,1
"Concrete Crescent Apartment Flat Owners Maintenance Mutually Aided Cooperative Society Ltd",5100,13026,2025-08-01,MAINTENANCE_CHARGES,8,1,19,0,1,0,2026-02-01,2,0,1,1,0,390559,"2025-07-31 06:11:25",NULL,"2026-01-01 01:15:55",NULL,NULL,0,1
"SHYPRAM 42",5109,22162,2025-08-01,MAINTENANCE_CHARGES,8,1,15,0,1,0,2026-02-01,2,0,1,1,0,397449,"2025-07-31 14:18:03",NULL,"2026-01-01 01:15:57",NULL,NULL,0,1
"Dhiraan Newyork Meadows",5111,7189,2025-07-31,MAINTENANCE,8,1,10,0,1,0,2026-02-01,2,0,1,1,0,304877,"2025-07-31 15:45:28",382303,"2026-01-01 01:16:10",NULL,NULL,0,1
"J&K Bank Employee CGHS Ltd",5112,20801,2025-08-01,MAINTENANCE_CHARGES,8,1,10,0,1,0,2026-02-01,2,0,1,1,0,362304,"2025-07-31 17:01:10",NULL,"2026-01-01 01:16:12",NULL,NULL,0,1
"Divyashanti Residency",5117,21721,2025-09-01,MAINTENANCE_CHARGES,9,1,20,0,1,0,2026-02-01,2,0,1,1,0,402752,"2025-08-01 04:48:26",NULL,"2026-01-01 01:16:14",NULL,NULL,0,1
"JP Tulips",5118,18650,2025-09-01,MAINTENANCE_CHARGES,9,1,9,0,1,0,2026-02-01,2,0,1,1,0,303121,"2025-08-01 05:15:35",NULL,"2026-01-01 01:16:19",NULL,NULL,0,1
"EMERALD PARK B BUILDING",5119,20659,2025-09-01,MAINTENANCE_CHARGES,9,1,10,0,1,0,2026-02-01,2,0,1,1,0,353334,"2025-08-01 05:28:16",NULL,"2026-01-01 01:16:22",NULL,NULL,0,1
"GODREJ ROYALE WOODS",5120,19495,2025-08-01,MAINTENANCE_CHARGES,8,1,9,0,0,0,2026-02-01,2,0,1,0,0,338666,"2025-08-01 06:06:25",NULL,"2026-01-01 01:17:03",NULL,NULL,0,0
"Rainbow Kishore Glendale Apartment",5125,9475,2025-08-01,MONTHLY_MAINTENANCE_CHARGES,8,1,6,0,1,0,2026-02-01,2,0,1,1,0,360200,"2025-08-01 09:02:33",NULL,"2026-01-01 01:17:05",NULL,NULL,0,1
"Hermitage SHIVALAY Cooperative Housing Society Ltd",5127,18023,2025-09-01,MAINTENANCE_CHARGES,9,1,20,5,1,0,2026-02-01,2,0,1,1,0,341205,"2025-08-01 10:32:38",NULL,"2026-01-01 01:17:06",NULL,NULL,0,1
"Vasavi Gp Trends",5130,20482,2025-09-01,ADONMO,8,1,7,0,1,0,2026-02-01,1,0,1,1,0,350170,"2025-08-01 19:26:34",413362,"2026-01-01 01:17:15",NULL,NULL,0,1
"Surya Tower",5132,21872,2025-09-01,MAINTENANCE_CHARGES,9,1,14,0,1,0,2026-02-01,2,0,1,1,0,391225,"2025-08-02 06:12:53",NULL,"2026-01-01 01:17:17",NULL,NULL,0,1
"Somani Dream Home",5133,13909,2025-09-01,MAINTENANCE_CHARGES,9,1,14,0,1,0,2026-02-01,2,0,1,1,0,382331,"2025-08-02 06:36:31",NULL,"2026-01-01 01:17:23",NULL,NULL,0,1
"Srinidhi Residency",5139,20126,2025-09-01,MAINTENANCE_CHARGES,9,1,15,3,1,0,2026-02-01,2,0,1,1,0,296863,"2025-08-03 05:21:25",NULL,"2026-01-01 01:17:30",NULL,NULL,0,1
"Signature Celestia",5142,18297,2025-09-01,MAINTENANCE_CHARGES,9,1,9,0,1,0,2026-02-01,2,0,1,1,0,354886,"2025-08-03 06:54:43",NULL,"2026-01-01 01:17:34",NULL,NULL,0,1
"G building, Dynamic Grandeur",5152,21420,2025-09-01,MAINTENANCE_CHARGES,9,1,10,0,1,0,2026-02-01,2,0,1,1,0,403011,"2025-08-05 10:07:52",NULL,"2026-01-01 01:17:36",NULL,NULL,0,1
"Eden Spaces A wing",5159,22265,2025-09-01,MAINTENANCE_CHARGES,9,1,9,0,1,0,2026-02-01,2,0,1,1,0,396943,"2025-08-10 06:57:40",396943,"2026-01-01 01:17:37",NULL,NULL,0,1
"Aishwaryam Hamara A07",5161,14743,2025-09-01,MAINTENANCE_CHARGES,9,1,14,0,1,0,2026-02-01,2,0,1,1,0,182093,"2025-08-10 14:19:21",NULL,"2026-01-01 01:17:50",NULL,NULL,0,1
"Gulmohar Garden Apartments",5176,18464,2025-09-01,MAINTENANCE_CHARGES,9,1,10,0,1,0,2026-02-01,2,0,1,1,0,233555,"2025-08-16 09:10:05",NULL,"2026-01-01 01:18:00",NULL,NULL,0,1
"Shanders Springdale",5190,151,2025-09-01,MAINTENANCE_CHARGES,8,1,9,5,1,0,2026-02-01,1,0,1,1,0,402396,"2025-08-17 07:10:26",NULL,"2026-01-01 01:18:05",NULL,NULL,0,1
"Mahaveer Residency",5200,11676,2025-09-01,MAINTENANCE_CHARGES,9,1,6,0,1,0,2026-02-01,2,0,1,1,0,324262,"2025-08-18 14:13:19",NULL,"2026-01-01 01:18:10",NULL,NULL,0,1
"Pioneer Paradise Apartments",5203,20278,2025-09-01,MAINTENANCE_CHARGES,8,1,19,0,1,0,2026-02-01,1,0,1,1,0,376985,"2025-08-19 07:24:00",376985,"2026-01-01 01:18:14",NULL,NULL,0,1
"Bakey Bihari Sharnam",5206,9539,2025-09-01,CAM_CHARGES,9,1,15,0,1,0,2026-02-01,2,0,1,1,0,401434,"2025-08-19 10:14:49",NULL,"2026-01-01 01:18:33",NULL,NULL,0,1
"Abode Abhishekam",5207,12380,2025-09-01,MAINTENANCE_CHARGES,9,1,9,5,1,0,2026-02-01,2,0,1,1,0,403967,"2025-08-19 10:58:23",NULL,"2026-01-01 01:18:34",NULL,NULL,0,1
"Casa the Status",5217,22363,2025-09-01,MAINTENANCE_CHARGES,9,1,9,0,1,0,2026-02-01,2,0,1,1,0,402329,"2025-08-20 11:28:21",NULL,"2026-01-01 01:18:35",NULL,NULL,0,1
"Vansh Paradise Co-Op Housing Society Ltd",5222,22227,2025-09-01,MAINTENANCE_CHARGES,9,1,9,0,1,0,2026-02-01,2,0,1,1,0,393172,"2025-08-21 10:05:03",410561,"2026-01-01 01:18:36",NULL,NULL,0,1
"Zonasha Elegance Phase 2",5235,18850,2025-09-01,MAINTENANCE_CHARGES,9,1,9,0,1,0,2026-02-01,2,0,1,1,0,359748,"2025-08-22 08:07:17",NULL,"2026-01-01 01:18:40",NULL,NULL,0,1
"Homtech Homes",5239,20712,2025-09-01,MAINTENANCE_CHARGES,9,1,11,0,1,0,2026-02-01,2,0,1,1,0,341219,"2025-08-22 11:33:54",NULL,"2026-01-01 01:18:41",NULL,NULL,0,1
"Rupani Apartments",5243,22110,2025-09-01,MAINTENANCE_CHARGES,9,1,9,0,1,0,2026-02-01,2,0,1,1,0,400663,"2025-08-23 05:36:28",NULL,"2026-01-01 01:18:42",NULL,NULL,0,1
"Sumeru city",5246,15571,2025-08-31,MAINTENANCE_FEE,9,1,10,0,1,0,2026-02-01,2,0,1,1,0,381072,"2025-08-23 08:56:23",NULL,"2026-01-01 01:18:45",NULL,NULL,0,1
"SDC COURTYARD",5269,10893,2025-09-01,MAINTENANCE_CHARGES,9,1,9,0,1,0,2026-02-01,2,0,1,1,0,356175,"2025-08-26 06:43:09",NULL,"2026-01-01 01:18:48",NULL,NULL,0,1
"J C Heights 11",5270,20585,2025-09-01,MAINTENANCE_CHARGES,9,1,9,0,1,0,2026-02-01,2,0,1,1,0,391719,"2025-08-26 08:19:35",NULL,"2026-01-01 01:18:49",NULL,NULL,0,1
"Sentosa Pride B wing",5273,22184,2025-09-01,MAINTENANCE_CHARGES,9,1,9,0,1,0,2026-02-01,2,0,1,1,0,391185,"2025-08-26 13:24:25",NULL,"2026-01-01 01:18:52",NULL,NULL,0,1
"Our Homes",5275,521,2025-09-01,MAINTENANCE_CHARGES,9,1,14,0,1,0,2026-02-01,2,0,1,1,0,401022,"2025-08-26 13:58:04",401022,"2026-01-01 01:19:04",NULL,NULL,0,1
"Samruddhi Isha",5278,22052,2025-09-01,MAINTENANCE_CHARGES,9,1,19,0,1,0,2026-02-01,2,0,1,1,0,411918,"2025-08-27 08:39:49",411918,"2026-01-01 01:19:07",NULL,NULL,0,1
"SBR CGHS, GH-7",5280,19988,2025-09-01,MAINTENANCE_CHARGES,9,1,9,0,1,0,2026-02-01,2,0,1,1,0,324177,"2025-08-27 11:25:23",NULL,"2026-01-01 01:19:08",NULL,NULL,0,1
"Mayuri infinity ",5284,14749,2025-09-01,MAINTENANCE_CHARGES,9,1,14,0,1,0,2026-02-01,2,0,1,1,0,284279,"2025-08-27 13:27:37",NULL,"2026-01-01 01:19:17",NULL,NULL,0,1
"Shanders Springdale",5287,151,2025-09-01,CORPUS_FUND,9,1,14,0,1,0,2026-02-01,2,0,1,1,0,402396,"2025-08-28 06:31:28",NULL,"2026-01-01 01:19:20",NULL,NULL,0,1
"Flower Garden Residents Welfare Association",5288,4581,2025-09-01,MAINTENANCE,9,1,9,0,1,0,2026-02-01,2,0,1,1,0,382037,"2025-08-28 07:00:41",NULL,"2026-01-01 01:19:23",NULL,NULL,0,1
"Mahaveer cedar",5290,10576,2025-09-01,MAINTENANCE_SERVICE_CHARGES,9,1,14,0,1,0,2026-02-01,2,0,1,1,0,281721,"2025-08-28 09:33:01",NULL,"2026-01-01 01:19:33",NULL,NULL,0,1
"Mather Silver Lawns",5293,8312,2025-08-31,MONTHLY_MAINTENANCE_CHARGES,9,1,9,0,1,0,2026-02-01,2,0,1,1,0,361668,"2025-08-28 11:08:10",NULL,"2026-01-01 01:19:38",NULL,NULL,0,1
"Airiana CHS, Pune ",5297,11715,2025-09-01,MAINTENANCE_CHARGES,9,1,14,0,1,0,2026-02-01,2,0,1,1,0,282666,"2025-08-29 06:21:48",NULL,"2026-01-01 01:19:40",NULL,NULL,0,1
"LEGACY SANNIDHI C WING",5303,14638,2025-09-01,MONTHLY_MAINTENANCE_CHARGES,9,1,14,0,1,0,2026-02-01,2,0,1,1,0,412566,"2025-08-29 07:36:15",NULL,"2026-01-01 01:19:44",NULL,NULL,0,1
"Carmel Layout Owners Welfare Association",5309,16333,2025-09-01,MAINTENANCE_CHARGES,9,1,29,0,1,0,2026-02-01,2,0,1,1,0,370378,"2025-08-29 08:23:12",NULL,"2026-01-01 01:19:47",NULL,NULL,0,1
"Sri Vara vivanta",5315,10332,2025-09-01,MAINTENANCE_CHARGES,9,1,10,0,1,0,2026-02-01,2,0,1,1,0,400953,"2025-08-29 08:56:14",NULL,"2026-01-01 01:19:49",NULL,NULL,0,1
"GSA Wavewoods",5318,8238,2025-09-01,MAINTANANCE_CHARGE,9,1,14,0,1,0,2026-02-01,2,0,1,1,0,403251,"2025-08-29 09:06:28",NULL,"2026-01-01 01:19:52",NULL,NULL,0,1
"Pooja Diamond Villas",5325,14040,2025-09-01,MAINTENANCE_CHARGE,9,1,14,0,1,0,2026-02-01,2,0,1,1,0,373726,"2025-08-29 10:33:42",NULL,"2026-01-01 01:21:05",NULL,NULL,0,1
"Akshaya Adena",5326,680,2025-09-01,MAINTENANCE,9,1,15,0,1,0,2026-02-01,2,0,1,1,0,374049,"2025-08-29 10:44:28",NULL,"2026-01-01 01:21:16",NULL,NULL,0,1
"Sai Ashray B-1,B-2-,B-3 Co op Housing",5336,19760,2025-09-01,MAINTENANCE_CHARGES,9,1,29,0,1,0,2026-02-01,2,0,1,0,0,340634,"2025-08-29 11:53:51",340634,"2026-01-31 18:52:57",NULL,NULL,0,1
"Kanchan Prem CHS",5337,10432,2025-09-01,KANCHAN_PREM_CHS_MAINTAINANCE,9,1,29,0,1,0,2026-02-01,2,0,1,1,0,403115,"2025-08-29 11:55:29",NULL,"2026-01-01 01:21:25",NULL,NULL,0,1
"Neptune swaraj Building No 17A CHSL ",5338,15676,2025-09-01,MAINTENANCE,9,1,29,0,1,0,2026-02-01,2,0,1,1,0,403056,"2025-08-29 11:56:40",NULL,"2026-01-01 01:21:30",NULL,NULL,0,1
"Ahad Meadows",5346,19540,2025-09-01,MAINTENANCE_CHARGES,8,1,14,0,1,0,2026-02-01,1,0,1,1,0,282355,"2025-08-29 12:40:57",NULL,"2026-01-01 01:21:34",NULL,NULL,0,1
"JAINS ASHRAYA PHASE 2 KKG",5353,7510,2025-09-01,MAINTENANCE,9,1,9,0,1,0,2026-02-01,2,0,1,1,0,374061,"2025-08-30 05:58:02",NULL,"2026-01-01 01:21:37",NULL,NULL,0,1
"RISINIA OYSTER",5354,21972,2025-08-31,MAINTENANCE_CHARGES,9,1,19,0,1,0,2026-02-01,2,0,1,1,0,412610,"2025-08-30 06:28:45",NULL,"2026-01-01 01:21:41",NULL,NULL,0,1
"Splendid Meadows, Yashada",5355,20430,2025-09-01,MAINTENANCE_CHARGES,9,1,9,0,1,0,2026-02-01,2,0,1,1,0,381985,"2025-08-30 07:32:33",NULL,"2026-01-01 01:21:43",NULL,NULL,0,1
"Auro Prime Co Op Housing Service Society",5357,20372,2025-09-01,MAINTENANCE_CHARGES,9,1,14,0,1,0,2026-02-01,2,0,1,1,0,355002,"2025-08-30 07:41:41",NULL,"2026-01-01 01:21:47",NULL,NULL,0,1
"LUSHLIFE IMPERO BUILDING-A",5359,22186,2025-09-01,MAINTENANCE_CHARGES,9,1,9,0,1,0,2026-02-01,2,0,1,1,0,391509,"2025-08-30 09:44:41",NULL,"2026-01-01 01:21:50",NULL,NULL,0,1
"Happinest ",5362,13768,2025-09-01,MAINTENANCE,9,1,10,0,1,0,2026-02-01,2,0,1,1,0,348440,"2025-08-30 10:03:49",NULL,"2026-01-01 01:21:54",NULL,NULL,0,1
"NAVINS BROOKFIELD",5363,16204,2025-08-31,MAINTENANCE_CHARGES,9,1,11,0,1,0,2026-02-01,2,0,1,1,0,376975,"2025-08-30 10:08:55",NULL,"2026-01-01 01:21:56",NULL,NULL,0,1
"Sunny Valley",5367,21290,2025-09-01,MAINTENANCE_CHARGES,9,1,14,0,1,0,2026-02-01,2,0,1,1,0,351071,"2025-08-30 10:48:53",NULL,"2026-01-01 01:21:59",NULL,NULL,0,1
"Prabavathi Classic Apartment",5369,21125,2025-09-01,MAINTENANCE_CHARGES,9,1,9,0,1,0,2026-02-01,2,0,1,1,0,357141,"2025-08-30 11:00:29",NULL,"2026-01-01 01:22:00",NULL,NULL,0,1
"Swarnandhra colony Phase 1",5370,641,2025-09-01,MONTHLY_MAINTENANCE_CHARGES,9,1,30,0,1,0,2026-02-01,2,0,1,1,0,402685,"2025-08-30 11:04:19",NULL,"2026-01-01 01:22:09",NULL,NULL,0,1
"Krishnakunj Residency",5371,20838,2025-09-01,MAINTENANCE_CHARGES,9,1,30,0,1,0,2026-02-01,2,0,1,1,0,403055,"2025-08-30 11:18:26",NULL,"2026-01-01 01:22:11",NULL,NULL,0,1
"Shree Hari Dreamland",5372,22066,2025-09-01,MAINTENANCE_CHARGES,9,1,9,0,1,0,2026-02-01,2,0,1,1,0,403378,"2025-08-30 11:26:05",NULL,"2026-01-01 01:22:13",NULL,NULL,0,1
"Trimurti Elina A Building",5377,18795,2025-09-01,MAINTENANCE_CHARGES,9,1,9,0,1,0,2026-02-01,2,0,1,1,0,295809,"2025-08-30 11:53:36",NULL,"2026-01-01 01:22:18",NULL,NULL,0,1
"Sowparnika Grandeur Owners Welfare Association",5378,22104,2025-09-01,MAINTENANCE_CHARGES,9,1,10,0,1,0,2026-02-01,2,0,1,1,0,388865,"2025-08-30 12:14:44",389108,"2026-01-01 01:22:20",NULL,NULL,0,1
"V Venture Eva",5379,21231,2025-09-01,MAINTENANCE_CHARGE,9,1,9,0,1,0,2026-02-01,2,0,1,1,0,357337,"2025-08-30 12:21:53",357337,"2026-01-01 01:22:21",NULL,NULL,0,1
"LG's Suchitra Classic Apartments",5385,14415,2025-09-01,COMMON_MAINTENANCE,8,1,12,0,1,0,2026-02-01,1,0,1,1,0,348471,"2025-08-30 13:13:04",NULL,"2026-01-01 01:22:26",NULL,NULL,0,1
"Shukan Lotus",5388,16395,2025-09-01,MAINTENANCE_CHARGES,9,1,10,0,1,0,2026-02-01,2,0,1,1,0,402238,"2025-08-30 13:35:34",NULL,"2026-01-01 01:22:33",NULL,NULL,0,1
"Bhanu Township Dahlia Block",5391,8248,2025-09-01,MAINTENANCE_CHARGES,9,1,6,0,1,0,2026-02-01,2,0,1,1,0,413051,"2025-08-30 13:55:28",NULL,"2026-01-01 01:22:36",NULL,NULL,0,1
"Magnova Manor Co-operative Hsg Soc",5393,21248,2025-09-01,MAINTENANCE_CHARGES,9,1,9,0,1,0,2026-02-01,2,0,1,1,0,403059,"2025-08-30 14:04:44",NULL,"2026-01-01 01:22:38",NULL,NULL,0,1
"Pushkar Hill -Jashodanagar",5394,10643,2025-09-01,MAINTENANCE,9,1,9,0,1,0,2026-02-01,2,0,1,1,0,382339,"2025-08-30 14:22:35",NULL,"2026-01-01 01:22:49",NULL,NULL,0,1
"Sri Balaji Signature",5395,19095,2025-09-01,MAINTENANCE_CHARGES,8,1,9,0,1,0,2026-02-01,1,0,1,1,0,357335,"2025-08-30 15:37:33",NULL,"2026-01-01 01:22:54",NULL,NULL,0,1
"Agni Pelican Heights",5396,15157,2025-09-01,MAINTENANCE,9,1,15,0,1,0,2026-02-01,2,0,1,1,0,391530,"2025-08-30 16:56:12",NULL,"2026-01-01 01:22:59",NULL,NULL,0,1
"Petra Park Apartment Owners Association",5397,15211,2025-09-01,MAINTENANCE_CHARGES,9,1,10,0,1,0,2026-02-01,2,0,1,1,0,380821,"2025-08-30 17:53:20",NULL,"2026-01-01 01:24:04",NULL,NULL,0,1
"Petra Park Apartment Owners Association",5398,15211,2025-09-01,315_316_115_116_MAINTENANCE_CHARGES,9,1,10,0,1,0,2026-02-01,2,0,1,1,0,380821,"2025-08-30 17:53:41",NULL,"2026-01-01 01:24:06",NULL,NULL,0,1
"Gayathri Hills Block A",5399,13580,2025-09-01,MAINTENANCE,9,1,9,0,1,0,2026-02-01,2,0,1,1,0,412201,"2025-08-30 18:24:06",NULL,"2026-01-01 01:24:11",NULL,NULL,0,1
"SS B BLOCK",5400,7825,2025-09-01,MAINTENANCE,9,1,19,0,1,0,2026-02-01,2,0,1,1,0,413087,"2025-08-30 19:46:14",NULL,"2026-01-01 01:24:18",NULL,NULL,0,1
"MSR Township Phase 1",5402,21075,2025-09-01,MAINTENANCE_CHARGES,9,1,10,0,1,0,2026-02-01,2,0,1,1,0,357136,"2025-08-30 20:12:11",NULL,"2026-01-01 01:24:23",NULL,NULL,0,1
"Sanman Trinity Villas",5409,11575,2025-09-01,MAINTENANCE,9,1,14,0,1,0,2026-02-01,2,0,1,1,0,413034,"2025-08-31 06:21:32",NULL,"2026-01-01 01:24:27",NULL,NULL,0,1
"KG EARTH HOMES",5410,85,2025-08-31,MAINTENANCE,9,1,11,0,0,0,2026-02-01,2,0,1,0,0,329951,"2025-08-31 06:36:41",NULL,"2026-01-01 01:24:44",NULL,NULL,0,0
"KG EARTH HOMES",5411,85,2025-08-31,MAINTENANCE_BLOCK_J,9,1,11,0,0,0,2026-02-01,2,0,1,0,0,329951,"2025-08-31 06:37:09",NULL,"2026-01-01 01:24:54",NULL,NULL,0,0
"KG EARTH HOMES",5412,85,2025-08-31,MAINTENANCE_BLOCK_K,9,1,11,0,0,0,2026-02-01,2,0,1,0,0,329951,"2025-08-31 06:38:12",NULL,"2026-01-01 01:25:05",NULL,NULL,0,0
"Oakwood Residency",5415,5371,2025-09-01,MAINTANANCE_CHARGE,9,1,7,0,1,0,2026-02-01,2,0,1,1,0,332191,"2025-08-31 08:33:11",NULL,"2026-01-01 01:25:19",NULL,NULL,0,1
"ARS Signature Homes Residents Welfare Association",5418,13378,2025-09-01,MAINTENANCE_CHARGES,9,1,14,0,1,0,2026-02-01,2,0,1,1,0,402572,"2025-08-31 09:42:45",NULL,"2026-01-01 01:25:22",NULL,NULL,0,1
"Vars All Seasons",5420,22058,2025-09-01,MAINTENANCE_CHARGES,9,1,10,0,1,0,2026-02-01,2,0,1,1,0,386529,"2025-08-31 11:31:34",386529,"2026-01-01 01:25:24",NULL,NULL,0,1
"GMC ONE APARTMENT",5421,19960,2025-09-01,MAINTENANCE_CHARGES,9,1,9,0,1,0,2026-02-01,2,0,1,1,0,303124,"2025-08-31 13:05:17",NULL,"2026-01-01 01:25:29",NULL,NULL,0,1
"Sanchar Nagar Residents Society Tower 10",5428,20713,2025-09-01,MAINTENANCE_CHARGES,9,1,7,0,1,0,2026-02-01,2,0,1,1,0,349701,"2025-08-31 14:16:47",NULL,"2026-01-01 01:25:31",NULL,NULL,0,1
"Janapriya Utopia Block 4",5433,7910,2025-09-01,MAINTENANCE,9,1,14,0,1,0,2026-02-01,2,0,1,1,0,413323,"2025-08-31 14:39:26",NULL,"2026-01-01 01:25:44",NULL,NULL,0,1
"Shanta Sriram Chalet Meadows",5437,10715,2025-09-01,MONTHLY_MAINTENANCE,9,1,16,0,1,0,2026-02-01,2,0,1,1,0,413365,"2025-08-31 17:21:45",NULL,"2026-01-01 01:25:47",NULL,NULL,0,1
"Poonamallee Farms",5438,10678,2025-09-01,MAINTENANCE_VILLA,9,1,10,0,1,0,2026-02-01,2,0,1,1,0,332214,"2025-08-31 17:28:35",NULL,"2026-01-01 01:26:08",NULL,NULL,0,1
"Fantastic by Urban Tree",5440,20434,2025-09-01,MAINTENANCE_CHARGES,9,1,6,0,1,0,2026-02-01,2,0,1,1,0,332543,"2025-08-31 18:26:58",332543,"2026-01-01 01:26:19",NULL,NULL,0,1
"Saishakti Symphony",5446,19990,2025-10-01,MAINTENANCE_CHARGES,10,1,9,5,1,0,2026-02-01,2,0,1,1,0,412992,"2025-09-01 04:09:06",NULL,"2026-01-01 01:26:28",NULL,NULL,0,1
"Rhythmm Residents Welfare Association",5447,17339,2025-09-01,MAINTENANCE_CHARGES,9,1,8,0,1,0,2026-02-01,2,0,1,1,0,331426,"2025-09-01 04:10:24",440220,"2026-01-01 01:26:30",NULL,NULL,0,1
"Inland edilon",5448,10779,2025-09-01,MAINTENANCE_CHARGES,9,1,10,0,1,0,2026-02-01,2,0,1,1,0,303580,"2025-09-01 04:21:46",NULL,"2026-01-01 01:26:33",NULL,NULL,0,1
"Tetra Grand Green Aspire",5450,20318,2025-09-01,MAINTENANCE_CHARGES,9,1,15,0,1,0,2026-02-01,2,0,1,1,0,324334,"2025-09-01 04:49:18",NULL,"2026-01-01 01:26:38",NULL,NULL,0,1
"Balaji Casablanca",5451,19410,2025-10-01,MAINTENANCE_CHARGES,10,1,9,0,1,0,2026-02-01,2,0,1,1,0,266426,"2025-09-01 06:58:15",NULL,"2026-01-01 01:26:40",NULL,NULL,0,1
"Nakshatra heights",5454,14526,2025-10-01,MAINTENANCE_CHARGES_FOR_SHOP,10,1,11,0,1,0,2026-02-01,2,0,1,1,0,411402,"2025-09-01 08:30:51",NULL,"2026-01-01 01:27:04",NULL,NULL,0,1
"VGN TEMPLE TOWN FLAT OWNERS WELFARE ASSOCIATION",5455,14335,2025-09-01,MAINTENANCE_FEE,9,1,9,0,1,0,2026-02-01,2,0,1,1,0,332529,"2025-09-01 09:17:52",332529,"2026-01-01 01:27:25",NULL,NULL,0,1
"EnviRise Apartments",5456,962,2025-10-01,MAINTENANCE_CHARGES,10,1,10,0,1,0,2026-02-01,2,0,1,1,0,413469,"2025-09-01 09:38:25",413469,"2026-01-01 01:27:28",NULL,NULL,0,1
"Isha Santhosham",5459,12232,2025-09-01,MAINTENANCE_CHARGES,9,1,15,0,1,0,2026-02-01,2,0,1,1,0,348111,"2025-09-01 12:01:50",NULL,"2026-01-01 01:27:05",NULL,NULL,0,1
"PENTAQUEEN A BLOCK APARTMENT OWNERS ASSOCIATION",5461,8422,2025-09-01,MAINTENANCE_CHARGES,9,1,9,0,1,0,2026-02-01,2,0,1,1,0,305083,"2025-09-01 14:31:47",NULL,"2026-01-01 01:27:07",NULL,NULL,0,1
"Ved Ashirtha A",5463,21446,2025-10-01,MAINTENANCE_CHARGES,10,1,11,0,1,0,2026-02-01,2,0,1,1,0,413599,"2025-09-02 05:12:43",NULL,"2026-01-01 01:27:08",NULL,NULL,0,1
"Ganga Legends County B1 ",5465,15276,2025-10-01,MAINTENANCE_CHARGES,10,1,10,0,1,0,2026-02-01,2,0,1,1,0,286610,"2025-09-03 10:52:29",286610,"2026-01-01 01:27:13",NULL,NULL,0,1
"Dream Sky",5466,18438,2025-10-01,MONTHLY_MAINTENANCE_CHARGES,10,1,11,0,1,0,2026-02-01,2,0,1,1,0,303302,"2025-09-03 13:39:12",NULL,"2026-01-01 01:27:16",NULL,NULL,0,1
"Amrutha Grandeur",5486,10444,2025-10-01,FLAT_MAINTENANCE_INVOICE,10,1,10,0,1,0,2026-02-01,2,0,1,1,0,412953,"2025-09-07 05:42:53",NULL,"2026-01-01 01:27:21",NULL,NULL,0,1
"JAGDAMBA APARTMENT RESIDENTS WELFARE SOCIETY",5489,18515,2025-10-01,MAINTENANCE_CHARGES,10,1,6,0,1,0,2026-02-01,2,0,1,1,0,402540,"2025-09-09 07:36:36",NULL,"2026-01-01 01:27:23",NULL,NULL,0,1
"GERA SRISHTI",5492,18182,2025-10-01,MAINTENANCE_CHARGES,10,1,14,0,1,0,2026-02-01,2,0,1,1,0,303466,"2025-09-11 06:43:12",NULL,"2026-01-01 01:27:33",NULL,NULL,0,1
"ATZ Rock View",5493,17927,2025-10-01,MAINTENANCE_CHARGES,10,1,4,3,1,0,2026-02-01,2,0,1,1,0,415960,"2025-09-11 08:15:11",NULL,"2026-01-01 01:27:36",NULL,NULL,0,1
"LUCKNOW OMAXE CITY RESIDENTS AND ALLOTTEES ASSOCIATION",5496,20785,2025-10-01,MAINTENANCE_CHARGES_EXCELLIA_,10,1,7,0,1,0,2026-02-01,2,0,1,1,0,416594,"2025-09-13 06:17:31",NULL,"2026-01-01 01:28:11",NULL,NULL,0,1
"LUCKNOW OMAXE CITY RESIDENTS AND ALLOTTEES ASSOCIATION",5497,20785,2025-10-01,MAINTENANCE_CHARGES_SCHOOL_,10,1,7,0,1,0,2026-02-01,2,0,1,1,0,416594,"2025-09-13 06:17:55",NULL,"2026-01-01 01:28:48",NULL,NULL,0,1
"LUCKNOW OMAXE CITY RESIDENTS AND ALLOTTEES ASSOCIATION",5498,20785,2025-10-01,MAINTENANCE_CHARGES_MANIPAL_SCHOOL_,10,1,7,0,1,0,2026-02-01,2,0,1,1,0,416594,"2025-09-13 06:18:11",416594,"2026-01-01 01:29:25",NULL,NULL,0,1
"Sreepadam Grand",5505,11863,2025-10-01,MAINTENANCE_CHARGES,10,1,9,0,1,0,2026-02-01,2,0,1,1,0,401209,"2025-09-13 13:45:01",NULL,"2026-01-01 01:29:31",NULL,NULL,0,1
"Pramukh bliss",5506,8904,2025-10-01,MAINTENANCE,10,1,11,0,1,0,2026-02-01,2,0,1,1,0,380982,"2025-09-14 05:53:38",380982,"2026-01-01 01:29:37",NULL,NULL,0,1
"ELGIN ASSOCIATION OF APARTMENT OWNERS",5507,20915,2025-10-01,MAINTENANCE_CHARGES_2025_26,10,1,14,0,1,0,2026-02-01,2,0,1,1,0,391807,"2025-09-14 08:00:37",NULL,"2026-01-01 01:29:44",NULL,NULL,0,1
"Elite Belathur Apartment",5509,21974,2025-10-01,MAINTENANCE_CHARGES,10,1,9,0,1,0,2026-02-01,2,0,1,1,0,412010,"2025-09-14 09:04:32",NULL,"2026-01-01 01:29:46",NULL,NULL,0,1
"INFINITI RESIDENTS ASSOCIATION",5510,21860,2025-10-01,MAINTENANCE_CHARGES,9,1,4,2,1,0,2026-02-01,1,0,1,1,0,412108,"2025-09-14 09:07:21",412108,"2026-01-01 01:29:51",NULL,NULL,0,1
"Flourish Kalpatharu Apartment",5511,21820,2025-10-01,MAINTENANCE_CHARGES,10,1,9,0,1,0,2026-02-01,2,0,1,1,0,412005,"2025-09-14 09:15:16",NULL,"2026-01-01 01:29:52",NULL,NULL,0,1
"Swastik 42",5512,15243,2025-10-01,MAINTENANCE_CHARGES,10,1,9,0,1,0,2026-02-01,2,0,1,1,0,391318,"2025-09-14 09:50:03",NULL,"2026-01-01 01:29:54",NULL,NULL,0,1
"Radiance sapphire",5514,11292,2025-10-01,MAINTENANCE_CHARGES,10,1,7,0,1,0,2026-02-01,2,0,1,1,0,370175,"2025-09-14 09:56:11",369755,"2026-01-01 01:30:04",NULL,NULL,0,1
"Bommarillu Sarovar",5516,21281,2025-10-01,MAINTENANCE_CHARGES,10,1,4,0,1,0,2026-02-01,2,0,1,1,0,347913,"2025-09-14 10:43:19",NULL,"2026-01-01 01:30:07",NULL,NULL,0,1
"Spring Seas Crosswinds",5519,7710,2025-10-01,MAINTAINENCE_CHARGES,10,1,9,0,1,0,2026-02-01,2,0,1,1,0,413314,"2025-09-14 11:13:44",NULL,"2026-01-01 01:30:13",NULL,NULL,0,1
"Aries Lakeview Welfare Association",5520,19642,2025-10-01,MAINTENANCE_CHARGES,10,1,9,0,1,0,2026-02-01,2,0,1,1,0,412013,"2025-09-14 11:20:46",NULL,"2026-01-01 01:30:17",NULL,NULL,0,1
"Vivansaa Aurigaa",5521,21990,2025-10-01,MAINTENANCE_CHARGES,10,1,9,0,1,0,2026-02-01,2,0,1,1,0,413164,"2025-09-14 11:48:12",NULL,"2026-01-01 01:30:20",NULL,NULL,0,1
"RWA-Dwarka Kunj Apartment",5523,22566,2025-10-01,MAINTENANCE_CHARGES,10,1,0,0,1,0,2026-02-01,2,0,1,1,0,408194,"2025-09-14 13:08:24",NULL,"2026-01-01 01:30:23",NULL,NULL,0,1
"Nisarga Sarovara Flat Owners Association",5525,22117,2025-10-01,MAINTENANCE_CHARGES,9,1,9,0,1,0,2026-02-01,1,0,1,1,0,412015,"2025-09-14 13:24:19",NULL,"2026-01-01 01:30:31",NULL,NULL,0,1
"New Dawn Villas",5528,9154,2025-10-01,GST_MONTHLY_MAINTENANCE,10,1,9,1,1,0,2026-02-01,2,0,1,1,0,380823,"2025-09-15 18:38:59",NULL,"2026-01-01 01:30:10",NULL,NULL,0,1
"Unique concord",5529,20827,2025-10-01,MAINTENANCE_CHARGES,9,1,9,0,1,0,2026-02-01,1,0,1,1,0,348737,"2025-09-15 18:40:40",NULL,"2026-01-01 01:30:15",NULL,NULL,0,1
"Rahul East View D Wing Co-Op HSG SOC LTD ",5532,19227,2025-10-01,MAINTENANCE_CHARGES,10,1,14,0,1,0,2026-02-01,2,0,1,1,0,327880,"2025-09-16 09:52:00",NULL,"2026-01-01 01:30:17",NULL,NULL,0,1
"Cuchelim Heights",5534,19545,2025-12-01,MAINTENANCE_CHARGES,12,1,12,0,1,0,2026-02-01,2,0,1,1,0,269651,"2025-09-17 07:31:04",269651,"2026-01-01 01:30:19",NULL,NULL,0,1
"AOA Golf Avenue 2",5535,22602,2025-10-01,SHOP_MAINTENANCE_CHARGES,10,1,15,0,1,0,2026-02-01,2,0,1,1,0,409184,"2025-09-17 09:55:04",NULL,"2026-01-01 01:30:38",NULL,NULL,0,1
"AOA Golf Avenue 2",5536,22602,2025-10-01,MAINTENANCE_CHARGES,10,1,15,0,1,0,2026-02-01,2,0,1,1,0,409184,"2025-09-17 09:55:43",NULL,"2026-01-01 01:30:56",NULL,NULL,0,1
"Supreme Estia B-Wing",5537,20820,2025-10-01,MAINTENANCE_CHARGE,10,1,9,0,1,0,2026-02-01,2,0,1,1,0,376853,"2025-09-17 10:02:37",NULL,"2026-01-01 01:31:01",NULL,NULL,0,1
"Sanjana Sapphire",5541,19464,2025-10-01,MAINTENANCE_CHARGES_NEW,10,1,14,0,1,0,2026-02-01,2,0,1,0,0,401255,"2025-09-18 07:33:41",401255,"2026-01-01 01:31:08",NULL,NULL,0,1
"Subha Elan",5542,13745,2025-10-01,MAINTENANCE_CHARGES,10,1,9,0,1,0,2026-02-01,2,0,1,1,0,402428,"2025-09-18 07:48:23",NULL,"2026-01-01 01:31:13",NULL,NULL,0,1
"Sri Guru BR ELITE Apartments",5544,18856,2025-10-01,MAINTENANCE_CHARGES,10,1,9,0,1,0,2026-02-01,2,0,1,1,0,417641,"2025-09-18 08:04:15",NULL,"2026-01-01 01:31:14",NULL,NULL,0,1
"Patrakar Vihar",5545,7061,2025-10-01,MAINTENANCE,10,1,9,10,0,0,2026-02-01,2,0,1,0,0,391685,"2025-09-18 08:09:30",391685,"2026-01-01 01:31:25",NULL,NULL,0,0
"vijetha elysium",5551,18556,2025-10-01,MAINTENANCE_CHARGES,10,1,12,0,1,0,2026-02-01,2,0,1,1,0,413212,"2025-09-18 10:30:48",NULL,"2026-01-01 01:31:30",NULL,NULL,0,1
"Delight Fortune",5553,13603,2025-10-01,MAINTENANCE_CHARGES,10,1,15,0,1,0,2026-02-01,2,0,1,1,0,233550,"2025-09-18 10:55:03",NULL,"2026-01-01 01:31:34",NULL,NULL,0,1
"Lotus Park",5554,3077,2025-10-01,MAINTENANCE_CHARGES,10,1,7,0,0,0,2026-02-01,2,0,1,0,0,182126,"2025-09-18 10:56:49",NULL,"2026-01-01 01:31:38",NULL,NULL,0,0
"Agni balaraga",5564,14188,2025-10-01,MAINTENANCE,10,1,9,0,1,0,2026-02-01,2,0,1,1,0,377054,"2025-09-19 06:49:14",NULL,"2026-01-01 01:31:45",NULL,NULL,0,1
"UrbanBlocks Pinnacle",5567,14572,2025-10-01,MAINTENANCE,9,1,9,0,1,0,2026-02-01,1,0,1,1,0,193423,"2025-09-19 07:30:46",NULL,"2026-01-01 01:31:48",NULL,NULL,0,1
"Zonasha Elegance PH1 - MMC & Helpdesk ",5568,9586,2025-10-01,MAINTENANCE_CHARGES,10,1,10,0,1,0,2026-02-01,2,0,1,1,0,391426,"2025-09-19 08:21:14",NULL,"2026-01-01 01:31:56",NULL,NULL,0,1
"VIJAYA ENCLAVE",5570,18285,2025-10-01,MAINTENANCE_CHARGES,9,1,9,0,1,0,2026-02-01,1,0,1,1,0,402366,"2025-09-19 08:33:32",NULL,"2026-01-01 01:32:13",NULL,NULL,0,1
"Vivek's Aroma",5571,6141,2025-10-01,MAINTENANCE_CHARGES,10,1,15,0,1,0,2026-02-01,2,0,1,1,0,261394,"2025-09-19 08:45:53",NULL,"2026-01-01 01:32:15",NULL,NULL,0,1
"Atharva Nagri 3",5574,4481,2025-11-01,SOCIETY_MAINTENANCE_CHARGES,23,2,9,0,0,0,2026-02-01,24,0,1,0,0,408566,"2025-09-19 09:28:16",NULL,"2025-11-01 01:33:40",NULL,NULL,0,0
"Essenseia 2",5576,12436,2025-10-01,MAINTENANCE_CHARGE,10,1,14,0,1,0,2026-02-01,2,0,1,1,0,284899,"2025-09-19 11:01:51",439595,"2026-01-01 01:32:27",NULL,NULL,0,1
"Mayur Paradise",5579,10670,2025-10-01,MONTHLY_MAINTENANCE,10,1,8,1,1,0,2026-02-01,2,0,1,1,0,419091,"2025-09-19 12:03:32",NULL,"2026-01-01 01:32:38",NULL,NULL,0,1
"Urban EcoSpace Resident's Association",5580,135,2025-10-01,MAINTENANCE_BILL,10,1,15,0,1,0,2026-02-01,2,0,1,1,0,59911,"2025-09-19 12:11:13",NULL,"2026-01-01 01:32:46",NULL,NULL,0,1
"Neo Elite Apartment",5581,245,2025-10-01,MAINTENANCE_CHARGES,10,1,14,1,1,0,2026-02-01,2,0,1,1,0,419100,"2025-09-19 12:25:47",419100,"2026-01-25 19:32:40",NULL,NULL,0,1
"MOUNTSCAPE CO OP HOUSING SOCIETY LTD A",5583,21072,2025-10-01,MAINTENANCE_CHARGES,10,1,9,0,1,0,2026-02-01,2,0,1,1,0,360763,"2025-09-19 13:05:41",NULL,"2026-01-01 01:32:56",NULL,NULL,0,1
"MOUNTSCAPE CO OP HOUSING SOCIETY LTD B",5584,21094,2025-10-01,MAINTENANCE_CHARGES,10,1,14,0,1,0,2026-02-01,2,0,1,1,0,360764,"2025-09-19 13:11:57",NULL,"2026-01-01 01:32:58",NULL,NULL,0,1
"Chandrangan swaroop",5585,12556,2025-10-01,MAINTENANCE_CHARGES,10,1,9,0,1,0,2026-02-01,2,0,1,1,0,330961,"2025-09-19 13:23:57",NULL,"2026-01-01 01:33:02",NULL,NULL,0,1
"Flying Height",5586,1558,2025-10-01,MAINTENANCE_CHARGES,10,1,24,0,1,0,2026-02-01,2,0,1,1,0,324063,"2025-09-19 13:35:11",NULL,"2026-01-01 01:33:03",NULL,NULL,0,1
"Woods Ville-C Wing",5587,7310,2025-10-01,MAINTENANCE_CHARGES,10,1,14,0,1,0,2026-02-01,2,0,1,1,0,280786,"2025-09-19 13:55:00",NULL,"2026-01-01 01:33:04",NULL,NULL,0,1
"Shirdi Whitefield Mudra Phase 4",5589,17712,2025-10-01,MAINTENANCE_CHARGES,10,1,7,0,1,0,2026-02-01,2,0,1,1,0,332717,"2025-09-20 05:38:46",NULL,"2026-01-01 01:33:08",NULL,NULL,0,1
"Nagarjuna Residency",5599,21499,2025-10-01,MAINTENANCE_CHARGES,10,1,11,0,1,0,2026-02-01,2,0,1,1,0,419357,"2025-09-20 10:57:06",NULL,"2026-01-01 01:33:51",NULL,NULL,0,1
"KEERTHI SUNRISE",5604,876,2025-10-01,MAINTENANCE,10,1,29,0,1,0,2026-02-01,2,0,1,1,0,186127,"2025-09-20 13:38:37",440009,"2026-01-01 01:33:55",NULL,NULL,0,1
"SVS Mythri Sunshine",5609,20959,2025-10-01,MAINTENANCE_CHARGES,10,1,9,0,1,0,2026-02-01,2,0,1,1,0,389387,"2025-09-21 09:11:02",389387,"2026-01-01 01:33:58",NULL,NULL,0,1
"Residency Park",5610,20805,2025-10-01,MAINTENANCE_CHARGES,10,1,4,0,1,0,2026-02-01,2,0,1,1,0,390194,"2025-09-21 09:18:19",NULL,"2026-01-01 01:34:01",NULL,NULL,0,1
"Casa Ujjain",5612,11670,2025-10-01,MAINTENANCE,9,1,9,0,1,0,2026-02-01,1,0,1,1,0,181879,"2025-09-21 09:53:01",NULL,"2026-01-01 01:34:04",NULL,NULL,0,1
"Windsor Homes Apartments",5616,22243,2025-10-01,MAINTENANCE_CHARGES,10,1,10,0,1,0,2026-02-01,2,0,1,1,0,395756,"2025-09-21 11:16:07",NULL,"2026-01-01 01:34:07",NULL,NULL,0,1
"Sukriti Cooperative Group Housing Society Ltd.",5617,22622,2025-10-01,MAINTENANCE_CHARGES,10,1,10,0,1,0,2026-02-01,2,0,1,1,0,412203,"2025-09-21 11:58:20",NULL,"2026-01-01 01:34:08",NULL,NULL,0,1
"GOLD CASTLES ",5623,14842,2025-10-01,MAINTENANCE_FOR_BLOCK_A_GOLD_CASTLES,10,1,14,0,1,0,2026-02-01,2,0,1,1,0,194755,"2025-09-23 07:20:30",NULL,"2026-01-01 01:34:12",NULL,NULL,0,1
"IT Heights",5624,15371,2025-10-01,MAINTENANCE,10,1,9,0,1,0,2026-02-01,2,0,1,1,0,186124,"2025-09-23 07:26:16",NULL,"2026-01-01 01:34:16",NULL,NULL,0,1
"Srivara Vistara",5627,17851,2025-10-01,MAINTENANCE_CHARGES,10,1,14,0,1,0,2026-02-01,2,0,1,1,0,402722,"2025-09-23 10:32:28",NULL,"2026-01-01 01:34:18",NULL,NULL,0,1
"Retreat Gardens",5630,22389,2025-10-01,MAINTENANCE_CHARGE,10,1,9,0,1,0,2026-02-01,2,0,1,1,0,400945,"2025-09-23 11:59:39",423142,"2026-01-01 01:34:28",NULL,NULL,0,1
" Auro heights 2 Co-operative housing service society limited",5631,21519,2025-10-01,MAINTENANCE_CHARGES,10,1,14,0,1,0,2026-02-01,2,0,1,1,0,382070,"2025-09-23 13:49:57",NULL,"2026-01-01 01:34:36",NULL,NULL,0,1
"Sumukha Serenity",5632,22611,2025-10-01,MAINTENANCE_CHARGES,10,1,10,0,1,0,2026-02-01,2,0,1,1,0,409794,"2025-09-24 11:26:06",NULL,"2026-01-01 01:34:38",NULL,NULL,0,1
"Dhruva Apartments ",5640,8742,2025-10-01,MAINTENANCE_CHARGES,10,1,9,0,0,0,2026-02-01,2,0,1,0,0,400640,"2025-09-25 08:42:28",NULL,"2026-01-01 01:34:40",NULL,NULL,0,0
"Ecopolis Apartment",5645,19901,2025-10-01,MAINTENANCE_CHARGES,9,1,9,0,1,0,2026-02-01,1,0,1,1,0,413077,"2025-09-25 11:04:29",NULL,"2026-01-01 01:34:44",NULL,NULL,0,1
"Praneeth Pranav Flora",5646,12539,2025-10-01,MAINTENANCE_CHARGE,10,1,9,0,1,0,2026-02-01,2,0,1,1,0,412041,"2025-09-25 11:12:18",NULL,"2026-01-01 01:34:54",NULL,NULL,0,1
"IKYATHA HOMES",5648,260,2025-10-01,MAINTENANCE,10,1,7,0,1,0,2026-02-01,2,0,1,1,0,413337,"2025-09-25 15:08:31",NULL,"2026-01-01 01:35:00",NULL,NULL,0,1
"Shakthi Fairmont",5657,20993,2025-10-01,MAINTENANCE_CHARGES,10,1,9,0,1,0,2026-02-01,2,0,1,1,0,357135,"2025-09-26 08:47:08",NULL,"2026-01-01 01:35:02",NULL,NULL,0,1
"Mayflower Platinum",5667,12966,2025-10-01,MAINTENANCE_CHARGES,10,1,9,0,1,0,2026-02-01,2,0,1,1,0,422931,"2025-09-27 13:58:07",NULL,"2026-01-01 01:35:07",NULL,NULL,0,1
"Silver Leaf Villas",5668,22335,2025-10-01,MAINTENANCE_CHARGES,10,1,14,0,1,0,2026-02-01,2,0,1,1,0,422937,"2025-09-27 15:13:06",NULL,"2026-01-01 01:35:09",NULL,NULL,0,1
"Kiran Residency,Prasanthi nagar colony, Temple alwal",5669,21779,2025-10-01,MONTHLY_MAINTAINANCE,10,1,5,5,1,0,2026-02-01,2,0,1,1,0,363090,"2025-09-28 05:41:39",363090,"2026-01-01 01:36:01",NULL,NULL,0,1
"Malnad Arcade",5677,10017,2025-10-01,MURUGHANS_MEDICAL_AND_SUPPORT_FUND,10,1,9,0,1,0,2026-02-01,2,0,1,1,0,344130,"2025-09-28 07:34:03",NULL,"2026-01-01 01:36:03",NULL,NULL,0,1
"Armsburg Myspace AMAOWA",5678,11346,2025-10-01,MONTHLY_MAINTENANCE_CHARGES,10,1,9,0,1,0,2026-02-01,2,0,1,1,0,283174,"2025-09-28 07:41:19",NULL,"2026-01-01 01:36:12",NULL,NULL,0,1
Harivillu,5679,3340,2025-10-01,MAINTENANCE,10,1,6,0,1,0,2026-02-01,2,0,1,1,0,413060,"2025-09-28 09:13:57",NULL,"2026-01-01 01:36:25",NULL,NULL,0,1
"Sri Balaji West County",5680,7810,2025-10-01,MAINTENANCE,10,1,14,0,1,0,2026-02-01,2,0,1,1,0,370410,"2025-09-28 09:29:33",NULL,"2026-01-01 01:36:29",NULL,NULL,0,1
"Dwarakamai Apartments",5683,22049,2025-10-01,MAINTENANCE_CHARGES,10,1,9,0,1,0,2026-02-01,2,0,1,1,0,393724,"2025-09-28 11:14:15",NULL,"2026-01-01 01:36:31",NULL,NULL,0,1
"Vertex Pleasant",5684,11414,2025-10-01,MAINTENANCE,10,1,9,0,1,0,2026-02-01,2,0,1,1,0,413385,"2025-09-28 12:17:53",NULL,"2026-01-01 01:36:43",NULL,NULL,0,1
HIVISION,5687,6609,2025-10-01,MAINTENANCE,10,1,9,0,1,0,2026-02-01,2,0,1,1,0,413376,"2025-09-28 13:28:15",NULL,"2026-01-01 01:37:03",NULL,NULL,0,1
"VSR Celestial Towers",5688,7773,2025-10-01,MAINTENANCE,10,1,11,0,1,0,2026-02-01,2,0,1,1,0,413027,"2025-09-28 14:34:41",NULL,"2026-01-01 01:37:15",NULL,NULL,0,1
"Foyer Infinity",5692,19060,2025-10-01,MAINTENANCE_CHARGES,10,1,10,0,1,0,2026-02-01,2,0,1,1,0,329896,"2025-09-28 21:18:41",NULL,"2026-01-01 01:37:22",NULL,NULL,0,1
"Suchir India Timber Leaf",5697,4491,2025-10-01,TLVOMACS_MAINTENANCE_CHARGES,10,1,9,0,1,0,2026-02-01,2,0,1,1,0,413714,"2025-09-29 10:43:10",NULL,"2026-01-01 01:37:32",NULL,NULL,0,1
"Gardenia Jasminoides",5703,19386,2025-10-01,MAINTENANCE_CHARGES,10,1,9,0,1,0,2026-02-01,2,0,1,1,0,332279,"2025-09-29 13:49:36",NULL,"2026-01-01 01:37:34",NULL,NULL,0,1
"CLPD Arcadia",5704,1256,2025-10-01,MONTHLY_MAINTENANCE,9,1,9,0,1,0,2026-02-01,1,0,1,1,0,349081,"2025-09-29 15:58:08",NULL,"2026-01-01 01:37:49",NULL,NULL,0,1
"Sree Navayuga Apartments",5708,9881,2025-10-01,MAINTENANCE_CHARGES,9,1,14,0,1,0,2026-02-01,1,0,1,1,0,413278,"2025-09-29 18:12:38",NULL,"2026-01-01 01:37:54",NULL,NULL,0,1
"Muppa Akshaja Insignia",5709,19682,2025-10-01,MAINTENANCE_CHARGES,10,1,9,0,1,0,2026-02-01,2,0,1,1,0,413375,"2025-09-29 18:29:32",NULL,"2026-01-01 01:37:57",NULL,NULL,0,1
"DELTA HIGH ",5712,17348,2025-10-01,MAINTENANCE_CHARGES,10,1,14,0,1,0,2026-02-01,2,0,1,1,0,413219,"2025-09-30 06:10:57",NULL,"2026-01-01 01:37:59",NULL,NULL,0,1
"Sudarshan Paradise Phase I (A, B, C)",5716,22009,2025-10-01,MAINTENANCE_CHARGES,10,1,9,0,1,0,2026-02-01,2,0,1,1,0,387141,"2025-09-30 07:55:37",NULL,"2026-01-01 01:38:02",NULL,NULL,0,1
"WoodsVille Phase 3 D Wing",5717,7659,2025-10-01,MAINTENANCE_CHARGES,10,1,14,0,1,0,2026-02-01,2,0,1,1,0,324820,"2025-09-30 08:34:32",NULL,"2026-01-01 01:38:03",NULL,NULL,0,1
"Nakshatra i-Land",5720,10099,2025-10-01,MAINTENANCE_CHARGES,10,1,9,0,1,0,2026-02-01,2,0,1,1,0,77615,"2025-09-30 10:04:42",NULL,"2026-01-01 01:38:06",NULL,NULL,0,1
"Tripura Nest Apartments",5724,20059,2025-10-01,PAINTING_CHARGES,10,1,9,0,1,0,2026-02-01,2,0,1,1,0,332392,"2025-09-30 11:15:49",NULL,"2026-01-01 01:38:07",NULL,NULL,0,1
"BHALCHANDRA BLESSINGS ,NB BHONDVE GROUP",5727,22557,2025-10-01,MAINTENANCE_CHARGES,10,1,6,0,1,0,2026-02-01,2,0,1,1,0,413754,"2025-09-30 11:23:22",NULL,"2026-01-01 01:38:11",NULL,NULL,0,1
"Vibhavari Towers Flat Owners Welfare Association",5732,13873,2025-10-01,MAINTENANCE,10,1,9,0,1,0,2026-02-01,2,0,1,1,0,417614,"2025-09-30 14:28:39",NULL,"2026-01-01 01:38:16",NULL,NULL,0,1
"Malpani Cereza",5733,12970,2025-10-01,MAINTENANCE_CHARGES,10,1,9,0,1,0,2026-02-01,2,0,1,1,0,267646,"2025-09-30 15:28:30",NULL,"2026-01-01 01:38:21",NULL,NULL,0,1
"Malpani Cereza",5734,12970,2025-10-01,SHOP_MONTHLY_MAINTENANCE,10,1,9,0,1,0,2026-02-01,2,0,1,1,0,267646,"2025-09-30 15:28:45",NULL,"2026-01-01 01:38:25",NULL,NULL,0,1
"Cosmos Greens",5736,19278,2025-10-01,MAINTENANCE_CHARGES,10,1,10,0,1,0,2026-02-01,2,0,1,1,0,295101,"2025-09-30 15:46:29",NULL,"2026-01-01 01:38:52",NULL,NULL,0,1
"Aagman Apartment",5737,9583,2025-10-01,COMMON_FACILITIES_CHARGES,10,1,10,0,1,0,2026-02-01,2,0,1,1,0,258576,"2025-09-30 15:48:04",NULL,"2026-01-01 01:39:54",NULL,NULL,0,0
"Pristine Temple Tree",5742,19706,2025-10-01,MAINTENANCE_CHARGES,10,1,10,3,1,0,2026-02-01,2,0,1,1,0,304855,"2025-09-30 17:03:57",NULL,"2026-01-01 01:39:03",NULL,NULL,0,1
"Srushti CHS B Wing ",5747,17420,2025-11-01,MAINTENANCE_CHARGES,11,1,28,0,1,0,2026-02-01,2,0,1,1,0,382387,"2025-10-01 04:33:36",NULL,"2026-01-01 01:39:05",NULL,NULL,0,1
"Gagan Renaissance",5748,5601,2025-11-01,MAINTENANCE_CHARGE,11,1,9,5,1,0,2026-02-01,2,0,1,1,0,303281,"2025-10-01 04:56:02",NULL,"2026-01-01 01:39:11",NULL,NULL,0,1
"rkl anand phase 1",5749,15039,2025-11-01,MAINTENANCE_CHARGE,11,1,9,0,1,0,2026-02-01,2,0,1,1,0,303295,"2025-10-01 05:24:05",NULL,"2026-01-01 01:39:16",NULL,NULL,0,1
"Sun Gloria,Ambegaon",5751,13174,2025-11-01,MONTHLY_MAINTENANCE_CHARGES,11,1,9,0,1,0,2026-02-01,2,0,1,1,0,402477,"2025-10-01 05:37:33",NULL,"2026-01-01 01:39:20",NULL,NULL,0,1
"Aryav Crosswinds",5752,5349,2025-10-01,MAINTENANCE,10,1,9,0,1,0,2026-02-01,2,0,1,1,0,284352,"2025-10-01 06:01:20",NULL,"2026-01-01 01:39:27",NULL,NULL,0,1
"Rahul East View F wing",5754,20077,2025-11-01,MONTHLY_MAINTENANCE_CHARGES,11,1,9,0,1,0,2026-02-01,2,0,1,0,0,313008,"2025-10-01 06:20:44",313008,"2026-01-01 01:39:29",NULL,NULL,0,1
"AISHWARYAM COMFORT GOLD E WING ",5756,20696,2025-11-01,MAINTENANCE_CHARGES,11,1,9,0,1,0,2026-02-01,2,0,1,1,0,338106,"2025-10-01 06:58:40",NULL,"2026-01-01 01:39:34",NULL,NULL,0,1
"Mantra Essence Building A CHS LTD",5758,20492,2025-11-01,MAINTENANCE_CHARGES,11,1,14,0,1,0,2026-02-01,2,0,1,1,0,310565,"2025-10-01 08:01:07",NULL,"2026-01-01 01:39:37",NULL,NULL,0,1
"Cyber Homes Lake Vision",5759,164,2025-11-01,MAINTENANCE,11,1,8,0,1,0,2026-02-01,2,0,1,1,0,414101,"2025-10-01 08:17:53",NULL,"2026-01-01 01:39:38",NULL,NULL,0,1
"Silver Keys",5760,21791,2025-10-31,MAINTENANCE_CHARGES,11,1,5,0,1,0,2026-02-01,2,0,1,1,0,409739,"2025-10-01 08:37:44",NULL,"2026-01-01 01:39:41",NULL,NULL,0,1
"ADMIRAL TOWERS",5762,4668,2025-10-01,MAINTENANCE_CHARGES,10,1,9,0,0,0,2026-02-01,2,0,1,0,0,267845,"2025-10-01 08:42:53",NULL,"2026-01-01 01:39:51",NULL,NULL,0,0
"Alekhya Bamboo Grove",5763,8883,2025-11-01,MAINTENANCE,11,1,14,0,1,0,2026-02-01,2,0,1,1,0,412751,"2025-10-01 08:51:40",NULL,"2026-01-01 01:39:54",NULL,NULL,0,1
"Shree apartment ",5770,16641,2025-11-01,MAINTENANCE_CHARGES,11,1,9,0,1,0,2026-02-01,2,0,1,1,0,77990,"2025-10-02 05:06:06",403352,"2026-01-01 01:40:02",NULL,NULL,0,1
"Himavathi Apartments",5773,20645,2025-11-01,MAINTENANCE_CHARGES,11,1,9,0,1,0,2026-02-01,2,0,1,1,0,424306,"2025-10-02 06:38:05",NULL,"2026-01-01 01:40:04",NULL,NULL,0,1
"Tejase Lake view apartments",5789,13462,2025-11-01,MAINTENANCE,10,1,9,0,1,0,2026-02-01,1,0,1,1,0,186118,"2025-10-03 06:22:31",NULL,"2026-01-01 01:40:08",NULL,NULL,0,1
"GEOWN OASIS",5795,15018,2025-11-01,MAINTENANCE,11,1,14,0,1,0,2026-02-01,2,0,1,1,0,390982,"2025-10-04 05:46:34",NULL,"2026-01-01 01:40:14",NULL,NULL,0,1
"Lake vihar 2",5796,9937,2025-11-01,MAINTENANCE_CHARGES,11,1,14,0,1,0,2026-02-01,2,0,1,1,0,420224,"2025-10-04 06:19:26",NULL,"2026-01-01 01:40:17",NULL,NULL,0,1
"Daadys Elixir",5797,7940,2025-11-01,INFRASTRUCTURE_RENEWAL_FUND,11,1,9,0,1,0,2026-02-01,2,0,1,1,0,412582,"2025-10-04 06:53:50",NULL,"2026-01-01 01:40:22",NULL,NULL,0,1
"LH CASA FLORA",5798,18626,2025-11-01,MONTHLY_MAINTENANCE_CHARGES,10,1,4,0,1,0,2026-02-01,1,0,1,1,0,293120,"2025-10-04 07:21:11",NULL,"2026-01-01 01:40:23",NULL,NULL,0,1
"M cube, the business hub",5809,20956,2025-11-01,MAINTENANCE_CHARGES_MONTHLY_,11,1,15,0,1,0,2026-02-01,2,0,1,1,0,329950,"2025-10-07 13:00:00",NULL,"2026-01-01 01:41:05",NULL,NULL,0,1
"Tirupati Regalia Phase 1",5811,13323,2025-11-01,MAINTENANCE_CHARGE,11,1,10,0,1,0,2026-02-01,2,0,1,1,0,303301,"2025-10-08 04:44:02",NULL,"2026-01-01 01:41:10",NULL,NULL,0,1
"Gayathri Hills Block B - ERP",5820,14083,2025-11-01,MAINTENANCE,10,1,9,0,1,0,2026-02-01,1,0,1,1,0,413057,"2025-10-10 06:08:55",NULL,"2026-01-01 01:41:11",NULL,NULL,0,1
"Hilife Pearl Shell",5827,655,2025-11-01,MAINTENANCE_CHARGES,11,1,6,0,1,0,2026-02-01,2,0,1,1,0,426785,"2025-10-13 14:50:29",NULL,"2026-01-01 01:41:21",NULL,NULL,0,1
"Trinity residency",5846,22553,2025-11-01,MAINTENANCE_CHARGES,11,1,7,0,1,0,2026-02-01,2,0,1,1,0,406866,"2025-10-23 14:33:07",408583,"2026-01-01 01:42:30",NULL,NULL,0,1
"The Ultima Heights",5848,22561,2025-11-01,MAINTENANCE_CHARGES,11,1,27,0,1,0,2026-02-01,2,0,1,1,0,408183,"2025-10-24 06:16:13",NULL,"2026-01-01 01:42:31",NULL,NULL,0,1
"Vaishno lotus",5850,13631,2025-11-01,MAINTENANCE_CHARGES,11,1,14,0,1,0,2026-02-01,2,0,1,1,0,412766,"2025-10-24 10:28:13",NULL,"2026-01-01 01:42:35",NULL,NULL,0,1
"Spring Ville",5851,9352,2025-11-01,MAINTENANCE_CHARGES,11,1,29,0,1,0,2026-02-01,2,0,1,1,0,422902,"2025-10-24 10:45:24",NULL,"2026-01-01 01:42:44",NULL,NULL,0,1
"Kens Residency",5852,6855,2025-11-01,MAINTENANCE,11,1,9,0,1,0,2026-02-01,2,0,1,1,0,360407,"2025-10-24 11:44:08",NULL,"2026-01-01 01:42:51",NULL,NULL,0,1
"Ardley Site Owner's Welfare Association",5853,17001,2025-11-01,MAINTENANCE_CHARGES,10,1,7,0,1,0,2026-02-01,1,0,1,1,0,359586,"2025-10-24 13:24:08",NULL,"2026-01-01 01:43:05",NULL,NULL,0,1
"ND Laurel",5854,16765,2025-11-01,MAINTENANCE_CHARGES,11,1,9,0,1,0,2026-02-01,2,0,1,1,0,380834,"2025-10-24 13:29:30",NULL,"2026-01-01 01:43:08",NULL,NULL,0,1
"B-1 ARAVALI RESIDENT WELFARE ASSOCIATION",5855,1553,2025-11-01,MAINTENANCE_CHARGES,11,1,10,0,1,0,2026-02-01,2,0,1,1,0,424982,"2025-10-24 14:06:32",NULL,"2026-01-01 01:43:17",NULL,NULL,0,1
"Vinyaas Virtue",5865,2899,2025-11-01,MAINTENANCE_CHARGES,11,1,14,0,1,0,2026-02-01,2,0,1,1,0,348750,"2025-10-24 21:00:17",NULL,"2026-01-01 01:43:26",NULL,NULL,0,1
"Sri Guru BR ELITE Apartments",5866,18856,2025-11-01,MAJOR_EXPENSES_COLLECTION,11,1,9,0,1,0,2026-02-01,2,0,1,1,0,417641,"2025-10-25 08:33:15",NULL,"2026-01-01 01:43:27",NULL,NULL,0,1
"Vakil Whispering Woods R2",5867,21300,2025-11-01,MAINTENANCE_CHARGES,11,1,9,0,1,0,2026-02-01,2,0,1,1,0,373426,"2025-10-25 10:52:18",NULL,"2026-01-01 01:43:30",NULL,NULL,0,1
"Grandeur Park",5868,1060,2025-11-01,MAINTENANCE_CHARGES,11,1,14,0,1,0,2026-02-01,2,0,1,1,0,371839,"2025-10-25 11:00:28",NULL,"2026-01-01 01:43:38",NULL,NULL,0,1
"Vikyath Elegant Residents Welfare Association",5870,22380,2025-11-01,MAINTENANCE_CHARGES,10,1,9,0,1,0,2026-02-01,1,0,1,1,0,429608,"2025-10-26 05:32:11",NULL,"2026-01-01 01:43:40",NULL,NULL,0,1
"Signifa Sapphire",5876,22460,2025-11-01,MAINTENANCE_CHARGES,11,1,4,0,1,0,2026-02-01,2,0,1,1,0,430056,"2025-10-26 07:22:40",430056,"2026-01-01 01:43:49",NULL,NULL,0,1
"Sri Mahalakshmi Enclave",5880,15416,2025-11-01,MAINTENANCE_CHARGES,11,1,7,0,1,0,2026-02-01,2,0,1,1,0,377052,"2025-10-26 13:14:13",NULL,"2026-01-01 01:43:51",NULL,NULL,0,1
"Malles arcadiaa",5881,15885,2025-11-01,MAINTENANCE_CHARGES,11,1,5,0,1,0,2026-02-01,2,0,1,1,0,420806,"2025-10-28 06:03:56",NULL,"2026-01-01 01:43:56",NULL,NULL,0,1
"Elite ornate",5883,16554,2025-11-01,MAINTENANCE_CHARGES,11,1,9,0,1,0,2026-02-01,2,0,1,1,0,389601,"2025-10-28 07:16:58",NULL,"2026-01-01 01:44:00",NULL,NULL,0,1
"kowsalya manidweepam",5884,19809,2025-11-01,MONTHLY_MAINTENANCE_CHARGES,11,1,9,0,1,0,2026-02-01,2,0,1,1,0,311623,"2025-10-28 07:31:04",NULL,"2026-01-01 01:44:13",NULL,NULL,0,1
"C P CASSIA  APARTMENT ",5885,13008,2025-11-01,MAINTENANCE_BILL,11,1,4,0,1,0,2026-02-01,2,0,1,1,0,359750,"2025-10-28 07:36:33",NULL,"2026-01-01 01:44:15",NULL,NULL,0,1
"CASAGRAND MIRO",5890,7732,2025-11-01,MAINTENANCE,11,1,11,0,1,0,2026-02-01,2,0,1,1,0,332495,"2025-10-28 08:54:25",NULL,"2026-01-01 01:44:33",NULL,NULL,0,1
"BM Homes",5891,8655,2025-11-01,MAINTENANCE,11,1,11,0,1,0,2026-02-01,2,0,1,1,0,413284,"2025-10-28 09:10:36",NULL,"2026-01-01 01:44:38",NULL,NULL,0,1
"vijetha elysium",5894,18556,2025-11-01,WATER_CHARGES,11,1,12,0,1,0,2026-02-01,2,0,1,1,0,413212,"2025-10-28 12:05:09",NULL,"2026-01-01 01:44:42",NULL,NULL,0,1
"Greens SLR Cassia Court",5898,13837,2025-11-01,MAINTENANCE_CHARGES,11,1,9,0,1,0,2026-02-01,2,0,1,1,0,380833,"2025-10-28 20:34:31",NULL,"2026-01-01 01:44:45",NULL,NULL,0,1
"Satvam parklane",5901,16625,2025-11-01,MAINTENANCE_CHARGES,11,1,9,0,1,0,2026-02-01,2,0,1,1,0,392040,"2025-10-29 05:21:33",392040,"2026-01-04 12:05:11",NULL,NULL,0,1
"Yashwin Sukhniwas A wing",5903,19677,2025-11-01,MAINTENANCE_CHARGES,11,1,9,0,1,0,2026-02-01,2,0,1,1,0,325031,"2025-10-29 07:29:42",NULL,"2026-01-01 01:45:03",NULL,NULL,0,1
"AJ Sankalpa Orchid",5905,22726,2025-11-01,MAINTENANCE_CHARGES,11,1,15,7,1,0,2026-02-01,2,0,1,1,0,414750,"2025-10-29 09:55:00",NULL,"2026-01-01 01:45:04",NULL,NULL,0,1
"Gayathri Hills Block C",5906,13582,2025-11-01,MAINTENANCE,11,1,9,0,1,0,2026-02-01,2,0,1,1,0,413383,"2025-10-29 10:54:56",NULL,"2026-01-01 01:45:06",NULL,NULL,0,1
"SIlver 9 G Wing ERP",5913,20209,2025-11-01,MAINTENANCE_CHARGES,11,1,24,0,1,0,2026-02-01,2,0,1,1,0,297012,"2025-10-29 15:32:17",NULL,"2026-01-01 01:45:11",NULL,NULL,0,1
" Tripura Landmark II",5916,4198,2025-11-01,MONTHLY_MAINTENANCE,10,1,11,0,1,0,2026-02-01,1,0,1,1,0,423855,"2025-10-30 06:23:18",NULL,"2026-01-01 01:45:24",NULL,NULL,0,1
"SAHARA STATES",5919,86,2025-11-01,MAINTENANCE,11,1,9,0,1,0,2026-02-01,2,0,1,1,0,413339,"2025-10-30 07:42:10",NULL,"2026-01-01 01:46:09",NULL,NULL,0,1
"Vasavi Gp Trends",5920,20482,2025-11-01,PMS_RENT,11,1,9,0,1,0,2026-02-01,2,0,1,1,0,413362,"2025-10-30 08:39:39",NULL,"2026-01-01 01:46:17",NULL,NULL,0,1
"Vasavi Gp Trends",5921,20482,2025-11-01,CAFE1_RENT,11,1,9,0,1,0,2026-02-01,2,0,1,1,0,413362,"2025-10-30 08:40:06",NULL,"2026-01-01 01:46:25",NULL,NULL,0,1
"MANSANPALLY 6 TH BLOCK (2BHK)",5922,22764,2025-11-01,MAINTENANCE_CHARGES,11,1,5,0,1,0,2026-02-01,2,0,1,1,0,418783,"2025-10-30 10:00:45",418546,"2026-01-01 01:46:28",NULL,NULL,0,1
"ARK Homes",5923,9509,2025-11-01,MAINTENANCE_CHARGES,10,1,14,0,1,0,2026-02-01,1,0,1,1,0,416717,"2025-10-30 10:21:42",NULL,"2026-01-01 01:46:45",NULL,NULL,0,1
"The Westwind Apartments",5927,23002,2025-11-01,MAINTENANCE_CHARGES,11,1,6,0,1,0,2026-02-01,2,0,1,1,0,428251,"2025-10-30 12:13:47",NULL,"2026-01-01 01:46:53",NULL,NULL,0,1
"VGN DYNASTY",5928,14005,2025-11-01,MONTHLY_MAINTENANCE_CHARGE,11,1,9,0,1,0,2026-02-01,2,0,1,1,0,377711,"2025-10-30 12:36:58",NULL,"2026-01-01 01:47:10",NULL,NULL,0,1
"Alpine Park",5931,1650,2025-11-01,MAINTENANCE,11,1,9,0,1,0,2026-02-01,2,0,1,1,0,71392,"2025-10-31 05:02:57",NULL,"2026-01-01 01:47:16",NULL,NULL,0,1
"Global Edifice Celesta",5934,18741,2025-11-01,MAINTENANCE_CHARGES,11,1,15,0,1,0,2026-02-01,2,0,1,1,0,330524,"2025-10-31 05:15:40",330524,"2026-01-07 16:29:22",NULL,NULL,0,1
"Aakruthi Township",5935,10938,2025-11-01,MAINTENANCE,10,1,9,0,1,0,2026-02-01,1,0,1,1,0,195572,"2025-10-31 05:17:34",NULL,"2026-01-01 01:47:38",NULL,NULL,0,1
"Balaji Nest",5945,10956,2025-11-01,CORPUS_FUND,11,1,14,0,1,0,2026-02-01,2,0,1,1,0,182140,"2025-10-31 06:23:18",NULL,"2026-01-01 01:47:40",NULL,NULL,0,1
"PRAGATHI'S RAGHUPATHI COUNTY",5949,20750,2025-11-01,MAINTENANCE_CHARGES,11,1,14,0,1,0,2026-02-01,2,0,1,1,0,417612,"2025-10-31 08:19:06",NULL,"2026-01-01 01:47:55",NULL,NULL,0,1
"SLN Mayuri Meadows",5952,11895,2025-11-01,MAINTENANCE,11,1,9,0,1,0,2026-02-01,2,0,1,1,0,234836,"2025-10-31 11:08:59",NULL,"2026-01-01 01:48:01",NULL,NULL,0,1
"Venkatesh Graffiti Glover Wing A & B Cooperative Housing Society Ltd",5953,20265,2025-11-01,MAINTENANCE_CHARGES,11,1,9,0,1,0,2026-02-01,2,0,1,1,0,413715,"2025-10-31 12:57:02",NULL,"2026-01-01 01:48:11",NULL,NULL,0,1
"Creative Shree Vikas",5957,22533,2025-11-01,MAINTENANCE_CHARGES,11,1,14,0,1,0,2026-02-01,2,0,1,1,0,406546,"2025-10-31 13:49:22",406546,"2026-01-01 01:48:28",NULL,NULL,0,1
"Aparna Kanopy Tulip",5958,4454,2025-11-01,MAINTENANCE_BILL,11,1,9,0,1,0,2026-02-01,2,0,1,1,0,416817,"2025-10-31 14:15:38",NULL,"2026-01-01 01:49:25",NULL,NULL,0,1
"Kendriya Vihar  Miyapur",5959,16836,2025-11-01,MAINTENANCE,11,1,9,0,1,0,2026-02-01,2,0,1,1,0,201571,"2025-10-31 14:21:02",NULL,"2026-01-01 01:49:37",NULL,NULL,0,1
"Vertex Pride",5960,9101,2025-11-01,MAINTENANCE,11,1,14,0,1,0,2026-02-01,2,0,1,1,0,234994,"2025-10-31 14:26:18",NULL,"2026-01-01 01:49:45",NULL,NULL,0,1
"Devi Homes Bachupally",5961,21640,2025-11-01,MAINTENANCE_CHARGES,11,1,14,0,1,0,2026-02-01,2,0,1,1,0,401417,"2025-10-31 15:07:14",NULL,"2026-01-01 01:49:51",NULL,NULL,0,1
"Shubh Nilaya Phase 1 CHS Ltd",5962,15442,2025-11-01,MAINTENANCE_CHARGES,10,1,9,0,1,0,2026-02-01,1,0,1,1,0,129331,"2025-10-31 16:16:45",NULL,"2026-01-01 01:49:54",NULL,NULL,0,1
"B square ",5963,15825,2025-11-01,MAINTENANCE_CHARGE,10,1,9,0,1,0,2026-02-01,1,0,1,1,0,182257,"2025-10-31 16:25:26",NULL,"2026-01-01 01:48:05",NULL,NULL,0,1
"Leisure Valley Apartment, Faridabad",5965,9055,2025-11-01,SUBSCRIPTION_CHARGES,11,1,7,0,1,0,2026-02-01,2,0,1,1,0,262021,"2025-10-31 17:07:07",NULL,"2026-01-01 01:48:14",NULL,NULL,0,1
"Confident Antlia 3",5967,8841,2025-11-01,MAINTENANCE_FEE,11,1,9,0,1,0,2026-02-01,2,0,1,1,0,281154,"2025-10-31 18:34:26",281154,"2026-01-01 01:48:22",NULL,NULL,0,1
"Spring Bloom",5970,11498,2025-12-01,MAINTENANCE_CHARGES,12,1,9,0,1,0,2026-02-01,2,0,1,1,0,256494,"2025-11-01 01:46:03",NULL,"2026-01-01 01:48:24",NULL,NULL,0,1
"Lennar Edifice",5974,9713,2025-11-01,MAINTENANCE_CHARGES,11,1,9,0,1,0,2026-02-01,2,0,1,1,0,366491,"2025-11-01 05:41:06",NULL,"2026-01-01 01:48:31",NULL,NULL,0,1
"KB Residency",5979,12257,2025-12-01,MAINTENANCE_CHARGES,12,1,14,0,1,0,2026-02-01,2,0,1,1,0,391246,"2025-11-01 07:30:18",NULL,"2026-01-01 01:48:36",NULL,NULL,0,1
"Silver Oak Apartments",5981,7251,2025-12-01,MAINTENANCE,12,1,14,0,1,0,2026-02-01,2,0,1,1,0,424108,"2025-11-01 08:20:20",NULL,"2026-01-01 01:48:43",NULL,NULL,0,1
"Saroj Symphony Society",5995,29,2025-12-01,MAINTENANCE_CHARGES,12,1,9,0,1,0,2026-02-01,2,0,1,1,0,412106,"2025-11-01 15:57:51",NULL,"2026-01-01 01:48:50",NULL,NULL,0,1
"Ozone Springs Residential Society - RSM",5996,9037,2025-12-01,MAINTENANCE_CHARGES,12,1,10,0,1,0,2026-02-01,2,0,1,1,0,413268,"2025-11-01 16:14:24",NULL,"2026-01-01 01:48:53",NULL,NULL,0,1
"ACCORD CHS",6000,16359,2025-12-01,MAINTENANCE_CHARGES,12,1,9,0,1,0,2026-02-01,2,0,1,1,0,413409,"2025-11-02 11:57:17",NULL,"2026-01-01 01:48:57",NULL,NULL,0,1
"Reddy's Avenue",6001,10792,2025-12-01,MAINTENANCE_CHARGES,12,1,20,0,1,0,2026-02-01,2,0,1,1,0,408751,"2025-11-02 12:29:38",NULL,"2026-01-01 01:49:11",NULL,NULL,0,1
"Reliaable magnolia",6010,11571,2025-12-01,GARBAGE_COLLECTION_CHARGES_2025,12,1,23,0,1,0,2026-02-01,2,0,1,1,0,260225,"2025-11-03 06:24:06",260225,"2026-01-01 01:49:17",NULL,NULL,0,1
"Synapse Nest",6013,22556,2025-12-01,MAINTANENCE_CHARGES,12,1,9,0,1,0,2026-02-01,2,0,1,1,0,429506,"2025-11-03 09:50:26",NULL,"2026-01-01 01:49:19",NULL,NULL,0,1
"Madhuli Apartment Condominium",6016,18355,2025-12-01,MONTHLY_MAINTENANCE_CHARGES,12,1,28,0,1,0,2026-02-01,2,0,1,1,0,303051,"2025-11-04 05:24:35",NULL,"2026-01-01 01:49:23",NULL,NULL,0,1
"ASHOKA HILL PARK",6017,18103,2025-12-01,MAINTENANCE_CHARGES,12,1,14,0,1,0,2026-02-01,2,0,1,1,0,233514,"2025-11-04 05:52:25",NULL,"2026-01-01 01:49:26",NULL,NULL,0,1
"Vasathi Navya",6018,11044,2025-12-01,MAINTENANCE,12,1,10,0,1,0,2026-02-01,2,0,1,1,0,430838,"2025-11-04 05:59:27",NULL,"2026-01-01 01:49:34",NULL,NULL,0,1
"Manikbaug Orchid A2",6020,14769,2025-12-01,MAINTENANCE_CHARGES,12,1,10,0,1,0,2026-02-01,2,0,1,1,0,59374,"2025-11-04 06:56:41",NULL,"2026-01-01 01:49:36",NULL,NULL,0,1
"Shree Siddheshwar Highlife",6023,22914,2025-12-01,MAINTENANCE_CHARGES,12,1,14,0,1,0,2026-02-01,2,0,1,1,0,425928,"2025-11-04 13:29:51",NULL,"2026-01-01 01:49:38",NULL,NULL,0,1
"Sai Prakruthi Apartment",6026,15646,2025-12-01,MAINTENANCE_CHARGES,12,1,6,0,1,0,2026-02-01,2,0,1,1,0,420007,"2025-11-05 06:02:36",NULL,"2026-01-01 01:49:40",NULL,NULL,0,1
"Vandana Earl's Court",6028,8619,2025-12-01,MAINTENANCE_CHARGES,12,1,12,0,1,0,2026-02-01,2,0,1,1,0,423145,"2025-11-06 10:41:23",305085,"2026-01-01 01:49:44",NULL,NULL,0,1
"Nandan Acura Co-operative Housing Society Limited",6032,20360,2025-12-01,MAINTENANCE_CHARGES,12,1,24,0,1,0,2026-02-01,2,0,1,1,0,400180,"2025-11-07 10:18:28",NULL,"2026-01-01 01:49:47",NULL,NULL,0,1
"Primarks Cygnus",6035,5483,2025-12-01,MAINTENANCE,12,1,12,12,1,0,2026-02-01,2,0,1,1,0,412538,"2025-11-07 14:30:53",NULL,"2026-01-01 01:49:52",NULL,NULL,0,1
"The Royal Yogville",6039,19906,2025-12-01,MAINTENANCE_CHARGES,12,1,20,0,1,0,2026-02-01,2,0,1,1,0,428612,"2025-11-08 06:06:56",428612,"2026-01-01 01:49:54",NULL,NULL,0,1
"Kristal Dolomite",6042,848,2025-12-01,BWSSB_CONNECTION,12,1,14,0,1,0,2026-02-01,2,0,1,1,0,373767,"2025-11-08 12:08:59",373767,"2026-01-29 12:07:47",NULL,NULL,0,1
"Lalitha Majestic",6047,20096,2025-12-01,MAINTENANCE_CHARGES,12,1,14,0,1,0,2026-02-01,2,0,1,1,0,434385,"2025-11-09 13:10:24",NULL,"2026-01-01 01:50:04",NULL,NULL,0,1
"Sai Krupa Endura",6050,22694,2025-12-01,MAINTENANCE_CHARGES,12,1,9,0,1,0,2026-02-01,2,0,1,1,0,432739,"2025-11-11 07:32:21",439167,"2026-01-06 10:10:48",NULL,NULL,0,1
"Awadh Habitat",6055,22963,2025-12-01,MAINTENANCE_CHARGES,12,1,14,0,1,0,2026-02-01,2,0,1,1,0,427874,"2025-11-12 06:28:02",426676,"2026-01-01 01:50:08",NULL,NULL,0,1
"FSD Trainer Society",6056,10776,2025-12-01,SOCIETY_CHARGES,12,1,6,0,1,0,2026-02-01,2,0,1,1,0,435263,"2025-11-14 05:54:15",NULL,"2026-01-01 01:51:04",NULL,NULL,0,1
"Fusion Towers Building C co-operative Housing Society",6067,21968,2025-12-01,MAINTENANCE_CHARGES,12,1,10,0,1,0,2026-02-01,2,0,1,1,0,383722,"2025-11-16 06:02:39",NULL,"2026-01-01 01:51:10",NULL,NULL,0,1
"JANKI PRIDE",6072,22088,2025-12-01,MAINTENANCE_CHARGES,12,1,29,0,1,0,2026-02-01,2,0,1,1,0,410956,"2025-11-18 11:50:03",NULL,"2026-01-01 01:51:12",NULL,NULL,0,1
"Swami Sadan",6076,20122,2025-12-01,MAINTENANCE_PER_SQ_FT,12,1,9,0,1,0,2026-02-01,2,0,1,1,0,313142,"2025-11-18 13:00:14",NULL,"2026-01-01 01:51:14",NULL,NULL,0,1
"Whistling Woods",6083,2732,2025-12-01,MAINTENANCE_CHARGES,12,1,4,0,1,0,2026-02-01,2,0,1,1,0,430494,"2025-11-21 12:28:22",NULL,"2026-01-01 01:51:16",NULL,NULL,0,1
"Nisarga Gateway",6084,22100,2025-12-01,MAINTENANCE_CHARGES,11,1,9,0,1,0,2026-02-01,1,0,1,1,0,412014,"2025-11-21 17:43:35",NULL,"2026-01-01 01:51:22",NULL,NULL,0,1
SOLARIS,6085,10787,2025-12-01,MAINTENANCE_CHARGES,12,1,9,0,1,0,2026-02-01,2,0,1,1,0,371836,"2025-11-21 17:46:43",NULL,"2026-01-01 01:51:26",NULL,NULL,0,1
SOLARIS,6086,10787,2025-12-01,ADDITIONAL_CHARGES,12,1,9,0,1,0,2026-02-01,2,0,1,1,0,371836,"2025-11-21 17:47:47",NULL,"2026-01-01 01:51:30",NULL,NULL,0,1
"White Breeze Apartment",6087,16692,2025-12-01,MAINTENANCE_CHARGES,12,1,9,0,1,0,2026-02-01,2,0,1,1,0,380829,"2025-11-22 10:11:01",NULL,"2026-01-01 01:51:36",NULL,NULL,0,1
"Teja Gardens",6089,22312,2025-12-01,MAINTENANCE_CHARGES,12,1,6,0,1,0,2026-02-01,2,0,1,1,0,423140,"2025-11-22 10:41:28",NULL,"2026-01-01 01:51:38",NULL,NULL,0,1
"Tilak Arise",6103,20186,2025-12-01,MAINTENANCE_CHARGES,12,1,9,0,1,0,2026-02-01,2,0,1,1,0,355161,"2025-11-26 06:19:21",NULL,"2026-01-01 01:51:45",NULL,NULL,0,1
"Krishvi Wisteria",6107,22464,2025-12-01,MAINTENANCE_CHARGES,12,1,13,0,1,0,2026-02-01,2,0,1,1,0,404334,"2025-11-26 07:38:10",404065,"2026-01-01 01:51:47",NULL,NULL,0,1
"RAHUL EAST VIEW E WINGS CO-OP HSG SOC LTD ",6108,19229,2025-12-01,MAINTENANCE_CHARGES,12,1,14,0,1,0,2026-02-01,2,0,1,1,0,332669,"2025-11-26 08:10:27",NULL,"2026-01-01 01:51:50",NULL,NULL,0,1
"Vihaan nirvana",6112,12125,2025-12-01,MAINTENANCE_CHARGES,12,1,9,0,1,0,2026-02-01,2,0,1,1,0,391854,"2025-11-26 09:16:24",NULL,"2026-01-01 01:51:56",NULL,NULL,0,1
"DHRUV VALLEY",6113,22601,2025-12-01,MAINTENANCE_CHARGES,12,1,15,0,1,0,2026-02-01,2,0,1,1,0,430514,"2025-11-26 13:16:55",NULL,"2026-01-01 01:51:58",NULL,NULL,0,1
"Nisarga Sarovara Flat Owners Association",6114,22117,2025-12-01,MAINTENANCE_CHARGES_VACANT_FLATS,11,1,9,0,1,0,2026-02-01,1,0,1,1,0,412015,"2025-11-27 08:01:41",NULL,"2026-01-01 01:52:07",NULL,NULL,0,1
"SILVER SAKSHI",6115,20980,2025-12-01,MAINTENANCE_CHARGES,12,1,19,0,1,0,2026-02-01,2,0,1,1,0,391723,"2025-11-27 08:13:59",NULL,"2026-01-01 01:52:10",NULL,NULL,0,1
"Concord Amulyam",6119,15752,2025-12-01,MAINTENANCE_CHARGES,12,1,29,0,1,0,2026-02-01,2,0,1,1,0,182588,"2025-11-28 05:45:36",NULL,"2026-01-01 01:52:19",NULL,NULL,0,1
"Eden Blossom",6122,1167,2025-12-01,MAINTENANCE_CHARGES,12,1,8,0,1,0,2026-02-01,2,0,1,1,0,439389,"2025-11-28 08:14:33",NULL,"2026-01-01 01:52:30",NULL,NULL,0,1
"ChaitraShree Royale",6123,22317,2025-12-01,MAINTENANCE_CHARGES,12,1,14,0,1,0,2026-02-01,2,0,1,1,0,439509,"2025-11-28 08:34:01",NULL,"2026-01-01 01:52:33",NULL,NULL,0,1
"Aashrayaa Citadel",6131,7244,2025-12-01,MAINTENANCE,12,1,9,0,1,0,2026-02-01,2,0,1,1,0,436198,"2025-11-29 05:47:46",NULL,"2026-01-01 01:52:38",NULL,NULL,0,1
"Shankar Green Homes",6133,22846,2025-12-01,MAINTENANCE_CHARGES,12,1,14,0,1,0,2026-02-01,2,0,1,1,0,423573,"2025-11-29 06:56:01",440008,"2026-01-01 01:52:44",NULL,NULL,0,1
"Shri Balaji Enclave",6138,22616,2025-12-01,MAINTENANCE_CHARGES,12,1,15,0,1,0,2026-02-01,2,0,1,1,0,432645,"2025-11-29 12:25:23",NULL,"2026-01-01 01:52:49",NULL,NULL,0,1
"Elite Greenwoods",6141,16438,2025-12-01,MAINTENANCE_CHARGE,12,1,9,0,1,0,2026-02-01,2,0,1,1,0,404887,"2025-11-29 17:25:29",NULL,"2026-01-01 01:52:54",NULL,NULL,0,1
"SRI MANI HARI APARTMENT",6142,22808,2025-12-01,MAINTENANCE_CHARGES,12,1,9,0,1,0,2026-02-01,2,0,1,1,0,439991,"2025-11-30 07:43:09",NULL,"2026-01-01 01:52:56",NULL,NULL,0,1
"SVS Gardenia",6143,19463,2025-12-01,MAINTENANCE_CHARGES,12,1,9,0,1,0,2026-02-01,2,0,1,1,0,440006,"2025-11-30 07:50:35",NULL,"2026-01-01 01:54:03",NULL,NULL,0,1
"Alok paradise 2",6145,10622,2025-12-01,MAINTENANCE,11,1,14,0,1,0,2026-02-01,1,0,1,1,0,395875,"2025-11-30 08:20:36",NULL,"2026-01-01 01:54:08",NULL,NULL,0,1
"PINNACLE FLAT OWNERS MUTUALLY AIDED COOPERATIVE SOCIETY LIMITED",6149,22836,2025-12-01,MAINTENANCE_CHARGES,12,1,10,0,1,0,2026-02-01,2,0,1,1,0,422635,"2025-11-30 10:20:29",NULL,"2026-01-01 01:54:10",NULL,NULL,0,1
"MONACO PEARL",6150,23000,2025-12-01,MAINTENANCE_CHARGES,12,1,5,0,1,0,2026-02-01,2,0,1,1,0,431533,"2025-11-30 11:59:29",451654,"2026-01-24 13:20:08",NULL,NULL,0,1
"Krishna gardenia",6152,11859,2025-12-01,MAINTENANCE_NEW,12,1,5,5,1,0,2026-02-01,2,0,1,1,0,49256,"2025-11-30 13:43:45",NULL,"2026-01-01 01:54:14",NULL,NULL,0,1
"Sanchar nagar tower 3",6157,22641,2025-12-01,MAINTENANCE_CHARGES,12,1,10,0,1,0,2026-02-01,2,0,1,1,0,440144,"2025-11-30 16:58:32",NULL,"2026-01-01 01:54:20",NULL,NULL,0,1
"Gaana Riddhi Apartment",6158,12435,2025-12-01,MAINTENANCE_CHARGES,12,1,15,0,1,0,2026-02-01,2,0,1,1,0,243982,"2025-11-30 17:30:47",NULL,"2026-01-01 01:54:26",NULL,NULL,0,1
"ATZ Estrella",6159,15720,2025-12-01,MAINTENANCE_CHARGES,12,1,9,0,1,0,2026-02-01,2,0,1,1,0,424294,"2025-11-30 18:02:39",424294,"2026-01-29 12:51:04",NULL,NULL,0,1
"Ville Green",6162,20542,2025-12-01,MAINTENANCE,12,1,9,0,1,0,2026-02-01,2,0,1,1,0,413856,"2025-11-30 19:36:50",NULL,"2026-01-01 01:54:35",NULL,NULL,0,1
"Adi Aventura",6166,11146,2026-01-01,MAINTENANCE_CHARGES,1,1,9,0,1,0,2026-02-01,2,0,1,1,0,299343,"2025-12-01 04:44:13",NULL,"2026-01-01 01:54:39",NULL,NULL,0,1
"Sagar Green Hills",6169,21623,2026-01-01,MAINTENANCE_CHARGES,1,1,9,0,1,0,2026-02-01,2,0,1,1,0,431483,"2025-12-01 05:40:15",NULL,"2026-01-01 01:54:50",NULL,NULL,0,1
"Hilife Nature",6170,10044,2025-12-01,MONTHLY_MAINTENANCE_CHARGES,12,1,10,0,0,0,2026-02-01,2,0,1,0,0,323145,"2025-12-01 05:52:13",NULL,"2026-01-01 01:54:54",NULL,NULL,0,0
"Ceratec Avika C wing",6171,22923,2026-01-01,MAINTENANCE_CHARGES,1,1,14,0,1,0,2026-02-01,2,0,1,1,0,440162,"2025-12-01 05:56:23",NULL,"2026-01-01 01:54:57",NULL,NULL,0,1
"Satkeerti's Symphony",6172,18075,2025-12-01,MAINTENANCE_CHARGES,12,1,9,0,1,0,2026-02-01,2,0,1,1,0,295111,"2025-12-01 05:56:39",295111,"2026-01-23 14:17:21",NULL,NULL,0,1
"KHB High Rise",6175,2453,2025-12-01,MAINTENANCE_CHARGES,12,1,10,0,1,0,2026-02-01,2,0,1,1,0,299753,"2025-12-01 06:20:32",NULL,"2026-01-01 01:55:08",NULL,NULL,0,1
"Purbayan Apartment",6176,21535,2026-01-01,MAINTENANCE_CHARGES,1,1,9,0,1,0,2026-02-01,2,0,1,1,0,431784,"2025-12-01 06:25:35",NULL,"2026-01-01 01:55:11",NULL,NULL,0,1
"Saravana Tranquil Heights",6178,9238,2025-12-01,MAINTENANCE_CHARGES,12,1,9,0,0,0,2026-02-01,2,0,1,0,0,268249,"2025-12-01 08:43:15",NULL,"2026-01-01 01:55:14",NULL,NULL,0,0
"Silver waves royal",6179,12500,2025-12-01,MAINTENANCE_BILL,12,1,9,0,1,0,2026-02-01,2,0,1,1,0,394135,"2025-12-01 09:46:51",NULL,"2026-01-01 01:55:17",NULL,NULL,0,1
"BSR Paradise",6183,1250,2026-01-01,MAINTENANCE_CHARGES,1,1,11,0,1,0,2026-02-01,2,0,1,1,0,359745,"2025-12-01 11:33:45",NULL,"2026-01-01 01:55:20",NULL,NULL,0,1
"Samhitha Maruthi Homes",6185,1432,2025-12-01,MAINTANANCE,12,1,9,0,1,0,2026-02-01,2,0,1,1,0,267649,"2025-12-01 13:47:26",NULL,"2026-01-01 01:55:24",NULL,NULL,0,1
"ELEMENTS OF NATURE BHOOMI BLOCK APARTMENT",6194,22720,2026-01-01,MAINTENANCE_CHARGES,1,1,9,1,1,0,2026-02-01,2,0,1,1,0,421243,"2025-12-02 07:02:47",NULL,"2026-01-01 01:55:32",NULL,NULL,0,1
"Park 59",6196,22232,2026-01-01,MAINTENANCE_CHARGES,1,1,19,0,1,0,2026-02-01,2,0,1,1,0,412628,"2025-12-02 07:42:26",NULL,"2026-01-01 01:55:38",NULL,NULL,0,1
"Rainbow Society",6197,22669,2026-01-01,MAINTENANCE_CHARGES,1,1,10,1,1,0,2026-02-01,2,0,1,1,0,414544,"2025-12-02 07:48:33",NULL,"2026-01-01 01:55:38",NULL,NULL,0,1
"Kalcon Gold Leaf",6203,22497,2026-01-01,MAINTENANCE_CHARGES,1,1,10,0,1,0,2026-02-01,2,0,1,1,0,431905,"2025-12-03 05:38:53",NULL,"2026-01-01 01:55:40",NULL,NULL,0,1
"Maruti sadan",6206,7528,2026-01-01,MAINTENANCE_CHARGES,1,1,9,0,1,0,2026-02-01,2,0,1,1,0,413378,"2025-12-03 08:04:55",NULL,"2026-01-01 01:55:42",NULL,NULL,0,1
"Venkateswara Lake Front Apartments",6208,23001,2026-01-01,MAINTENANCE_CHARGES,1,1,9,0,1,0,2026-02-01,2,0,1,1,0,428860,"2025-12-04 09:00:03",NULL,"2026-01-01 01:57:03",NULL,NULL,0,1
"Asset Cyber Heights and Silicon Heights",6209,12817,2026-01-01,CONTRIBUTION_FOR_ROOF_WATERPROOFING_WORKS,1,1,29,0,1,0,2026-02-01,2,0,1,1,0,266164,"2025-12-04 09:36:22",266164,"2026-01-31 13:55:20",NULL,NULL,0,0
"KHB SURYA CITY MIG MB6 ERP",6215,15623,2026-01-01,MAINTENANCE,1,1,10,5,1,0,2026-02-01,2,0,1,1,0,389627,"2025-12-07 10:12:14",NULL,"2026-01-01 01:57:12",NULL,NULL,0,1
"Jewel Crown",6221,20600,2026-01-01,MAINTENANCE_CHARGES_B_BLOCK,1,1,9,0,1,0,2026-02-01,2,0,1,1,0,433350,"2025-12-09 08:06:12",NULL,"2026-01-01 01:57:14",NULL,NULL,0,1
"Jewel Crown",6222,20600,2026-01-01,MAINTENANCE_CHARGES_C_BLOCK,1,1,9,0,1,0,2026-02-01,2,0,1,1,0,433350,"2025-12-09 08:06:28",NULL,"2026-01-01 01:57:16",NULL,NULL,0,1
"Yashila Apartment",6223,21688,2026-01-01,MAINTENANCE_CHARGES,1,1,9,0,1,0,2026-02-01,2,0,1,1,0,390151,"2025-12-09 09:03:21",NULL,"2026-01-01 01:57:16",NULL,NULL,0,1
"FSD Trainer Society",6226,10776,2026-01-01,HARSHIT_MAINTENANCE_BILL,12,1,7,2,1,0,2026-02-01,1,0,1,1,0,443160,"2025-12-10 12:24:15",NULL,"2026-01-01 01:57:18",NULL,NULL,0,1
"Mayflower Apartments",6236,20038,2026-01-01,MAINTENANCE_CHARGES,1,1,9,0,1,0,2026-02-01,2,0,1,1,0,401319,"2025-12-13 07:27:18",NULL,"2026-01-01 01:57:20",NULL,NULL,0,1
"Silverland Residency Phase lll",6249,10649,2026-01-01,MAINTENANCE,1,1,15,0,1,0,2026-02-01,2,0,1,1,0,411835,"2025-12-16 15:09:51",NULL,"2026-01-01 01:57:32",NULL,NULL,0,1
"Divine Homes Lohgaon",6252,21219,2026-01-01,MAINTENANCE_CHARGES,1,1,24,0,1,0,2026-02-01,2,0,1,1,0,381626,"2025-12-17 06:34:55",NULL,"2026-01-01 01:57:33",NULL,NULL,0,1
"Divine Homes Lohgaon",6253,21219,2026-01-01,SHOP_MAINTENANCE_CHARGES,1,1,14,0,1,0,2026-02-01,2,0,1,1,0,381626,"2025-12-17 06:41:30",NULL,"2026-01-01 01:57:34",NULL,NULL,0,1
"Sanjeevini Srushti",6254,18885,2026-01-01,ALL_PAYMENT_CHARGES,1,1,11,0,1,0,2026-02-01,2,0,1,1,0,389489,"2025-12-17 07:46:37",NULL,"2026-01-01 01:57:44",NULL,NULL,0,1
"Time and Space â€“ Infinity",6255,22730,2026-01-01,MAINTENANCE_CHARGES,12,1,4,0,1,0,2026-02-01,1,0,1,1,0,439156,"2025-12-17 11:55:33",NULL,"2026-01-01 01:57:47",NULL,NULL,0,1
"SLV Park View",6256,22562,2026-01-01,MAINTENANCE_CHARGES,1,1,14,0,1,0,2026-02-01,2,0,1,1,0,439154,"2025-12-17 12:05:47",NULL,"2026-01-01 01:57:49",NULL,NULL,0,1
"Swapnapurti P4",6258,23182,2026-01-01,MAINTENANCE_CHARGES,1,1,19,0,1,0,2026-02-01,2,0,1,1,0,438271,"2025-12-18 06:11:33",NULL,"2026-01-01 01:57:53",NULL,NULL,0,1
"Dwaraka Nilayam",6260,17326,2026-01-01,MAINTENANCE_CHARGES,1,1,9,0,1,0,2026-02-01,2,0,1,1,0,416219,"2025-12-18 06:35:30",NULL,"2026-01-01 01:57:55",NULL,NULL,0,1
"ERP Fusion Towers A wing",6261,22609,2026-01-01,MONTHLY_MAINTENANCE_CHARGES,12,1,30,0,1,0,2026-02-01,1,0,1,1,0,432703,"2025-12-18 07:52:12",NULL,"2026-01-01 01:57:58",NULL,NULL,0,1
"Happy Homes Vivasvan",6263,22161,2026-01-01,MAINTENANCE_CHARGES,12,1,9,0,1,0,2026-02-01,1,0,1,1,0,412008,"2025-12-18 10:13:01",NULL,"2026-01-01 01:57:59",NULL,NULL,0,1
"Neelkanth Majestic",6269,21370,2026-01-01,MAINTENANCE_CHARGES,1,1,25,0,1,0,2026-02-01,2,0,1,1,0,431435,"2025-12-19 10:17:47",NULL,"2026-01-01 01:58:09",NULL,NULL,0,1
"RV Somwrita",6270,14823,2026-01-01,MAINTENANCE_CHARGES,1,1,11,0,1,0,2026-02-01,2,0,1,1,0,431350,"2025-12-19 13:24:39",NULL,"2026-01-01 13:57:04",NULL,NULL,0,0
"RV Somwrita",6271,14823,2026-01-01,WATER_CHARGES,1,1,11,0,1,0,2026-02-01,2,0,1,1,0,431350,"2025-12-19 13:25:00",NULL,"2026-01-01 01:58:12",NULL,NULL,0,1
"Prisha Orchids",6273,5745,2026-01-01,MAINTENANCE_CHARGES,1,1,10,0,1,0,2026-02-01,2,0,1,1,0,413128,"2025-12-21 05:08:53",NULL,"2026-01-01 01:58:19",NULL,NULL,0,1
"Prisha Orchids",6274,5745,2026-01-01,BALANCE_REIMBURSEMENT_OF_EXPENSES_GENERATOR_AND_WASTE_COMPOSTING_,1,1,10,0,1,0,2026-02-01,2,0,1,1,0,413128,"2025-12-21 05:09:19",NULL,"2026-01-01 01:58:23",NULL,NULL,0,1
"Janaadhar Shubha Phase 1 Apartment Owners Co-operative Society Limited",6275,22592,2026-01-01,CO_OP_SOCIETY_MAINTENANCE_CHARGES,1,1,10,0,1,0,2026-02-01,2,0,1,1,0,431482,"2025-12-21 05:10:55",NULL,"2026-01-01 01:58:34",NULL,NULL,0,1
"Aishwarya Opulence Apartments",6276,22459,2026-01-01,MAINTENANCE_CHARGES,1,1,9,0,1,0,2026-02-01,2,0,1,1,0,430059,"2025-12-21 05:12:00",NULL,"2026-01-01 01:58:36",NULL,NULL,0,1
"PRUTHVI ROYAL APARTMENT (ERP)",6277,22739,2026-01-01,MAINTENANCE_CHARGES,1,1,10,0,1,0,2026-02-01,2,0,1,1,0,428987,"2025-12-21 07:19:22",NULL,"2026-01-01 02:00:06",NULL,NULL,0,1
"Susheila Apartments Flat Owners Association",6280,418,2026-01-01,MAINTENANCE,1,1,9,0,1,0,2026-02-01,2,0,1,1,0,402436,"2025-12-21 08:04:05",NULL,"2026-01-01 02:00:29",NULL,NULL,0,1
"ARS Green Villae",6281,13379,2026-01-01,MONTHLY_MAINTENANCE_FEE,1,1,10,0,1,0,2026-02-01,2,0,1,1,0,401159,"2025-12-22 03:47:01",NULL,"2026-01-01 02:00:37",NULL,NULL,0,1
"Meenakshi Estates North Avenue",6282,22738,2026-01-01,MAINTENANCE_CHARGES,1,1,7,0,1,0,2026-02-01,2,0,1,1,0,439155,"2025-12-22 05:14:53",NULL,"2026-01-01 02:00:38",NULL,NULL,0,1
"Shivalay Shikhar ",6284,15932,2026-01-01,MAINTENANCE_CHARGES,1,1,14,0,1,0,2026-02-01,2,0,1,1,0,391794,"2025-12-23 08:38:50",NULL,"2026-01-01 02:00:41",NULL,NULL,0,1
"Anukampa Greens Apartments",6287,22889,2026-01-01,MAINTENANCE_CHARGES,1,1,10,0,1,0,2026-02-01,2,0,1,1,0,426742,"2025-12-24 05:46:14",NULL,"2026-01-01 02:00:52",NULL,NULL,0,1
"FSD Trainer Society",6289,10776,2026-01-01,MONTHLY_MAINTENANCE_BILL_BINDHU_5,12,1,45,25,0,0,2026-02-01,1,0,1,1,0,447847,"2025-12-24 10:12:24",NULL,"2026-01-01 02:00:53",NULL,NULL,0,1
"Gagan Utopia",6290,10001,2026-01-01,MAINTENANCE_CHARGES,1,1,9,0,1,0,2026-02-01,2,0,1,1,0,413263,"2025-12-24 11:54:55",NULL,"2026-01-01 02:00:56",NULL,NULL,0,1
"Palladium Grand Co-op Housing Society",6292,6920,2026-01-01,MAINTENANCE_BILL,1,1,9,0,1,0,2026-02-01,2,0,1,1,0,332329,"2025-12-24 12:43:09",NULL,"2026-01-01 02:01:01",NULL,NULL,0,1
"KRISHNA MOHAN RESIDENCY",6294,22852,2026-01-01,MAINTENANCE_CHARGES,1,1,10,0,1,0,2026-02-01,2,0,1,1,0,423433,"2025-12-24 13:14:20",448644,"2026-01-02 12:55:41",NULL,NULL,0,1
"ADDRESS ONE PHASE 1 AND 3 SOCIETY",6298,21977,2026-01-01,MONTHLY_MAINTENANCE_CHARGES,1,1,27,0,1,0,2026-02-01,2,0,1,1,0,405120,"2025-12-25 13:21:01",449680,"2026-01-30 21:18:56",NULL,NULL,0,1
"Dynamic Grandeur Building Essentia D CHS Ltd",6300,11555,2026-01-01,MAINTENANCE_CHARGES_D_WING,1,1,9,0,1,0,2026-02-01,2,0,1,1,0,182142,"2025-12-26 07:13:36",NULL,"2026-01-01 02:01:28",NULL,NULL,0,1
"Sakshi Park III Co-Operative Housing Society Limited",6301,16214,2026-01-01,MAINTENANCE_CHARGES,1,1,19,0,0,0,2026-02-01,2,0,1,0,0,418553,"2025-12-26 08:20:17",NULL,"2026-01-01 02:01:31",NULL,NULL,0,0
"Yashodevi Avenue",6307,20361,2026-01-01,MAINTENANCE_CHARGES,1,1,9,0,1,0,2026-02-01,2,0,1,1,0,331350,"2025-12-27 12:53:47",NULL,"2026-01-01 02:01:36",NULL,NULL,0,1
"Tanish park B wing",6312,23192,2026-01-01,MAINTENANCE_CHARGES,1,1,19,0,1,0,2026-02-01,2,0,1,1,0,436910,"2025-12-28 07:17:26",NULL,"2026-01-01 02:01:46",NULL,NULL,0,1
"Platinum Lifestyle Apartment Owners Cooperative Society Limited",6317,11615,2026-01-01,ROOF_FIRE_FUND,1,1,5,0,1,0,2026-02-01,2,0,1,1,0,382032,"2025-12-28 12:52:06",NULL,"2026-01-01 02:01:59",NULL,NULL,0,1
"VITTHAL SANSKRUTI",6324,22966,2026-01-01,MAINTENANCE_CHARGES,1,1,14,0,1,0,2026-02-01,2,0,1,1,0,427453,"2025-12-28 21:58:20",NULL,"2026-01-01 02:03:08",NULL,NULL,0,1
"PRIMAL MARIGOLD",6325,23088,2026-01-01,MAINTENANCE_CHARGES,1,1,14,0,1,0,2026-02-01,2,0,1,1,0,434097,"2025-12-28 22:00:49",NULL,"2026-01-01 02:03:11",NULL,NULL,0,1
"Setu Spire",6329,23163,2026-01-01,MAINTENANCE_CHARGES,1,1,14,0,1,0,2026-02-01,2,0,1,1,0,437040,"2025-12-29 08:13:28",NULL,"2026-01-01 02:03:33",NULL,NULL,0,1
"KALYANI SAHKARI AWAS SAMITI LTD.",6334,23259,2026-01-01,MAINTENANCE_CHARGES,1,1,30,0,1,0,2026-02-01,2,0,1,1,0,440472,"2025-12-30 07:32:35",NULL,"2026-01-01 02:03:36",NULL,NULL,0,1
"PAARIJAT SKYZ",6335,22686,2026-01-01,MAINTENANCE_CHARGES,1,1,9,0,1,0,2026-02-01,2,0,1,1,0,435146,"2025-12-30 07:47:38",NULL,"2026-01-01 02:03:38",NULL,NULL,0,1
"CNR Quality signature ",6337,12131,2026-01-01,ASSOCIATION_FUND,12,1,9,0,1,0,2026-02-01,1,0,1,1,0,417628,"2025-12-30 08:52:00",NULL,"2026-01-01 02:03:46",NULL,NULL,0,1
"Blue Bell Homes",6338,23180,2026-01-01,BBH_MAINTENANCE,1,1,14,0,0,0,2026-02-01,2,0,1,0,0,436265,"2025-12-30 10:18:18",NULL,"2026-01-01 02:03:47",NULL,NULL,0,0
"Kalpak Srushti Wing B, C, E, F & G Co-Operative housing society Ltd.",6340,21596,2026-01-01,MAINTENANCE_CHARGES,1,1,14,0,1,0,2026-02-01,2,0,1,1,0,391796,"2025-12-30 13:52:23",356521,"2026-01-01 02:04:03",NULL,NULL,0,1
"Ashish green",6342,17886,2026-01-01,MONTHLY_MAINTENANCE_CHARGES,12,1,11,0,1,0,2026-02-01,1,0,1,1,0,357138,"2025-12-30 19:48:59",NULL,"2026-01-01 02:04:16",NULL,NULL,0,1
"PPD Anthem - Luxury Apartments in Kowdiar",6344,23174,2026-01-01,MAINTENANCE_CHARGES,1,1,4,0,0,0,2026-02-01,2,0,1,0,0,437959,"2025-12-31 03:45:32",439145,"2026-01-01 12:10:20",NULL,NULL,0,0
"Sekhar Olympus",6346,19145,2026-01-01,WATER_METER_SUBSCRIPTION_CHARGES,12,1,14,0,1,0,2026-02-01,1,0,1,1,0,430043,"2025-12-31 04:51:23",NULL,"2026-01-01 02:04:28",NULL,NULL,0,1
"TNR Sulakshana",6348,14300,2026-01-01,MAINTENANCE,12,1,9,0,1,0,2026-02-01,1,0,1,1,0,186132,"2025-12-31 05:37:51",NULL,"2026-01-01 02:04:52",NULL,NULL,0,1
"TVS Lake view apartments",6353,10506,2026-01-01,MAINTENANCE_CHARGES,1,1,10,0,1,0,2026-02-01,2,0,1,1,0,242592,"2025-12-31 06:21:27",NULL,"2026-01-01 02:05:30",NULL,NULL,0,1
"Grs marvel",6357,22544,2026-01-01,MAINTENANCE_CHARGES,1,1,6,0,1,0,2026-02-01,2,0,1,1,0,440296,"2025-12-31 07:39:53",NULL,"2026-01-01 02:05:39",NULL,NULL,0,1
"CHANAKYA RESIDANCY",6361,1834,2026-01-01,NEW_MAINTENANCE_CHARGES,1,1,9,0,1,0,2026-02-01,2,0,1,1,0,183211,"2025-12-31 08:24:32",NULL,"2026-01-01 02:05:43",NULL,NULL,0,1
"Srinivasa Classic",6363,7567,2026-01-01,MAINTENANCE,1,1,15,0,1,0,2026-02-01,2,0,1,1,0,281337,"2025-12-31 08:59:58",NULL,"2026-01-01 02:06:11",NULL,NULL,0,1
"vijay shanthi infiniti",6368,17028,2026-01-01,MAINTENANCE_CHARGES,1,1,9,0,1,0,2026-02-01,2,0,1,1,0,426759,"2025-12-31 11:43:30",NULL,"2026-01-01 02:06:32",NULL,NULL,0,1
"Sindur Orchids",6369,10388,2026-01-01,MAINTENANCE_CHARGES_JANUARY_2026,1,1,14,0,1,0,2026-02-01,2,0,1,1,0,451534,"2025-12-31 11:48:11",NULL,"2026-01-01 02:06:35",NULL,NULL,0,1
"Marutham RoyalWoods",6370,906,2026-01-01,MAINTENANCE,12,1,6,0,1,0,2026-02-01,1,0,1,1,0,382182,"2025-12-31 11:54:22",NULL,"2026-01-01 02:06:42",NULL,NULL,0,1
"Pace Park Lane",6373,13368,2026-01-01,MAINTENANCE_CHARGE,1,1,19,0,1,0,2026-02-01,2,0,1,1,0,382034,"2025-12-31 12:36:22",NULL,"2026-01-01 02:06:59",NULL,NULL,0,1
"SIDDHARTH CENTRAL",6378,19664,2026-01-01,MAINTENANCE_CHARGES,1,1,30,0,1,0,2026-02-01,2,0,1,1,0,295608,"2025-12-31 13:07:32",NULL,"2026-01-01 02:07:30",NULL,NULL,0,1
"The Nash Ville",6387,16820,2026-01-01,MAINTENANCE_CHARGES,1,1,9,0,1,0,2026-02-01,2,0,1,1,0,451655,"2025-12-31 16:48:32",NULL,"2026-01-01 02:08:31",NULL,NULL,0,1
"HomeTown THE ADDRESS",6388,22962,2026-01-01,MAINTENANCE_CHARGES,1,1,9,0,1,0,2026-02-01,2,0,1,1,0,451658,"2025-12-31 16:53:07",451658,"2026-01-02 16:10:28",NULL,NULL,0,1
"Vasavi Gp Trends",6390,20482,2026-01-01,MAINTENANCE_CHARGES,1,1,9,0,1,0,2026-02-01,2,0,1,1,0,413362,"2025-12-31 17:30:55",NULL,"2026-01-01 02:08:40",NULL,NULL,0,1
"Green Skies Blue Forest",6392,1448,2026-01-01,CONSOLIDATED_MONTHLY_BILL,1,1,9,0,0,0,2026-02-01,2,0,1,0,0,310475,"2025-12-31 18:12:38",NULL,"2026-01-01 02:08:46",NULL,NULL,0,0
"Riddhi's Grandeur",6393,22960,2026-01-01,MAINTENANCE_CHARGES,1,1,7,0,1,0,2026-02-01,2,0,1,1,0,451674,"2025-12-31 18:21:02",NULL,"2026-01-01 02:08:49",NULL,NULL,0,1
"Telugu Cine MIG",6394,9323,2026-02-01,MAINTENANCE_CHARGES,1,1,9,0,1,0,2026-02-01,1,0,1,1,0,409382,"2025-12-31 20:17:50",NULL,NULL,NULL,NULL,0,1
"Aparna Kanopy Lotus",6396,20677,2026-02-01,MAINTENANCE_CHARGES,2,1,9,0,1,0,2026-02-01,2,0,1,1,0,413371,"2025-12-31 20:28:51",NULL,NULL,NULL,NULL,0,1
"Aadhya Advaita",6398,9693,2026-02-01,MAINTENANCE_CHARGES,2,1,10,0,1,0,2026-02-01,2,0,1,1,0,413370,"2025-12-31 20:50:26",NULL,NULL,NULL,NULL,0,1
"Aakriti Esta",6399,10973,2026-02-01,MAINTENANCE_CHARGES,2,1,9,0,1,0,2026-02-01,2,0,1,1,0,424269,"2025-12-31 21:04:40",NULL,NULL,NULL,NULL,0,1
"Skanda Srinivasam",6400,22635,2026-02-01,MAINTENANCE_CHARGES,2,1,14,0,1,0,2026-02-01,2,0,1,1,0,431834,"2025-12-31 21:09:33",NULL,NULL,NULL,NULL,0,1
"Nayan's Nature Ville",6401,22776,2026-02-01,MAINTENANCE_CHARGES,2,1,9,0,1,0,2026-02-01,2,0,1,1,0,439304,"2025-12-31 21:18:58",NULL,NULL,NULL,NULL,0,1
"Allure co-operative housing society Ltd",6402,14696,2026-02-01,MAINTENANCE_CHARGES,2,1,14,0,1,0,2026-02-01,2,0,1,1,0,407801,"2026-01-01 04:23:30",NULL,NULL,NULL,NULL,0,1
"Love Nest ,Moshi",6403,15047,2026-02-01,MAINTENANCE_CHARGES,2,1,9,0,1,0,2026-02-01,2,0,1,1,0,269650,"2026-01-01 04:43:02",NULL,NULL,NULL,NULL,0,0
"Sumukha Greenville",6404,22924,2026-02-01,MAINTENANCE_CHARGES,2,1,14,0,1,0,2026-02-01,2,0,1,1,0,451691,"2026-01-01 05:23:12",NULL,NULL,NULL,NULL,0,1
"USD ARCADE",6407,19413,2026-02-01,MAINTENANCE_CHARGES,2,1,19,0,1,0,2026-02-01,2,0,1,1,0,451700,"2026-01-01 05:46:30",NULL,NULL,NULL,NULL,0,1
"Manjeera Trinity Homes",6410,9862,2026-02-01,MAINTENANCE,2,1,10,0,1,0,2026-02-01,2,0,1,1,0,418791,"2026-01-01 06:43:08",NULL,NULL,NULL,NULL,0,1
"Asset Cyber Heights and Silicon Heights",6413,12817,2026-01-01,MAINTENANCE_CHARGES,1,1,19,0,1,0,2026-02-01,2,0,1,1,0,266164,"2026-01-01 06:52:50",266164,"2026-01-31 13:55:10",NULL,NULL,0,0
"Goldfields Villa Owners Association",6414,22369,2026-01-01,MAINTENANCE_CHARGES,12,1,7,0,1,0,2026-02-01,1,0,1,1,0,451732,"2026-01-01 07:25:51",NULL,"2026-01-01 12:57:02",NULL,NULL,0,1
"Somani Dream Home Phase 2",6415,22296,2026-02-01,MAINTENANCE_CHARGES,2,1,9,0,1,0,2026-02-01,2,0,1,1,0,425005,"2026-01-01 07:53:18",NULL,NULL,NULL,NULL,0,1
"Ashok Nagar D Wing",6417,23219,2026-02-01,SINKING_FUND,2,1,10,0,1,0,2026-02-01,2,0,1,1,0,437652,"2026-01-01 08:26:01",NULL,NULL,NULL,NULL,0,1
"Akshita Heights 4",6420,21092,2026-02-01,AH_4_MAINTENANCE,1,1,29,0,1,0,2026-02-01,1,0,1,1,0,414186,"2026-01-01 13:15:40",NULL,NULL,NULL,NULL,0,1
"park vista, lohegaon",6421,9221,2026-02-01,MAINTENANCE_CHARGES,2,1,29,0,1,0,2026-02-01,2,0,1,1,0,413453,"2026-01-01 13:37:17",NULL,NULL,NULL,NULL,0,1
"Aadya Classic",6422,21458,2026-02-01,MAINTENANCE_CHARGES,2,1,4,0,1,0,2026-02-01,2,0,1,1,0,413160,"2026-01-01 13:39:09",413160,"2026-01-01 19:18:10",NULL,NULL,0,1
"Bhanu township Daffodills",6423,18546,2026-01-01,MONTHLY_MAINTENANCE,1,1,10,10,1,0,2026-02-01,2,0,1,1,0,253684,"2026-01-01 14:05:50",253684,"2026-01-01 19:41:01",NULL,NULL,0,1
" MAJESTIQUE NEST C BLDG CHS LTD",6424,20701,2026-02-01,MAINTENANCE_CHARGES,2,1,19,0,1,0,2026-02-01,2,0,1,1,0,337987,"2026-01-01 14:09:17",NULL,NULL,NULL,NULL,0,1
"Parmeshwar 4",6425,14940,2026-02-01,MAINTENANCE,2,1,9,0,1,0,2026-02-01,2,0,1,1,0,376920,"2026-01-01 16:11:27",NULL,NULL,NULL,NULL,0,1
"GK Alam Villas",6426,22700,2026-02-01,MAINTENANCE_CHARGES,2,1,10,0,1,0,2026-02-01,2,0,1,1,0,438368,"2026-01-02 03:56:30",NULL,NULL,NULL,NULL,0,1
"Yashada Supreme",6427,19802,2026-02-01,MAINTENANCE_CHARGES,2,1,14,0,1,0,2026-02-01,2,0,1,1,0,412664,"2026-01-02 05:24:02",NULL,NULL,NULL,NULL,0,1
"SMART CITY WELFARE ASSOCIATION (Regd. No. 1272/2019)",6431,19009,2026-02-01,MAINTENANCE_CHARGE,1,1,4,0,1,0,2026-02-01,1,0,1,1,0,439063,"2026-01-02 06:47:34",NULL,NULL,NULL,NULL,0,0
"Ceebros Park",6432,7607,2026-02-01,MAINTENANCE,2,1,9,0,1,0,2026-02-01,2,0,1,1,0,441292,"2026-01-02 07:46:41",NULL,NULL,NULL,NULL,0,1
"Elina Living C and D Co-operative Housing Society Ltd",6434,20798,2026-02-01,MAINTENANCE_CHARGES,2,1,20,0,1,0,2026-02-01,2,0,1,1,0,440746,"2026-01-02 12:03:08",NULL,NULL,NULL,NULL,0,1
"SLV Magnum",6435,23270,2026-02-01,MAINTENANCE_CHARGES,2,1,9,0,1,0,2026-02-01,2,0,1,1,0,439645,"2026-01-02 14:52:38",439645,"2026-01-21 18:10:09",NULL,NULL,0,1
"SLV Magnum",6436,23270,2026-02-01,CORPUS_FUND,2,1,9,0,1,0,2026-02-01,2,0,1,1,0,439645,"2026-01-02 14:52:58",439645,"2026-01-21 18:10:21",NULL,NULL,0,1
"RV Madhav Brindavan",6438,13657,2026-02-01,MAINTENANCE,2,1,9,0,1,0,2026-02-01,2,0,1,1,0,414228,"2026-01-03 06:54:17",NULL,NULL,NULL,NULL,0,1
"SIYONA BUILDING D WING D1 AND D2",6441,22801,2026-02-01,MAINTENANCE_CHARGES,2,1,14,0,1,0,2026-02-01,2,0,1,1,0,440502,"2026-01-03 08:00:39",NULL,NULL,NULL,NULL,0,1
"Mont Vert Vesta Bunglow Sahakari Gruharachana Sanstha Maryadit",6443,19209,2026-02-01,MAINTENANCE_CHARGES,2,1,27,0,1,0,2026-02-01,2,0,1,1,0,329344,"2026-01-03 10:14:36",NULL,NULL,NULL,NULL,0,0
"Isha Misty Green",6445,18329,2026-02-01,MAINTENANCE_CHARGES,1,1,14,0,1,0,2026-02-01,1,0,1,1,0,413078,"2026-01-03 12:33:11",NULL,NULL,NULL,NULL,0,1
"Hexa Towers D wing",6447,22934,2026-02-01,MAINTENANCE_CHARGES,2,1,14,0,1,0,2026-02-01,2,0,1,1,0,427817,"2026-01-03 13:53:07",NULL,NULL,NULL,NULL,0,1
"Keystone Hills",6450,18504,2026-02-01,MAINTENANCE_CHARGES_MONTHLY,2,1,9,0,1,0,2026-02-01,2,0,1,1,0,350014,"2026-01-04 09:45:27",NULL,NULL,NULL,NULL,0,1
"Lushlife Impero B wing",6460,23229,2026-02-01,MAINTENANCE_CHARGES,2,1,10,0,1,0,2026-02-01,2,0,1,1,0,438330,"2026-01-06 09:26:53",438330,"2026-01-17 21:17:48",NULL,NULL,0,1
"Shubham Tower",6468,13636,2026-02-01,MAINTENANCE_BILLS,2,1,15,0,1,0,2026-02-01,2,0,1,1,0,55537,"2026-01-08 06:24:28",NULL,NULL,NULL,NULL,0,1
"Platinum Park Co-operative Housing Society",6473,22896,2026-02-01,MAINTENANCE_CHARGES,2,1,14,0,1,0,2026-02-01,2,0,1,1,0,451740,"2026-01-08 12:06:45",NULL,NULL,NULL,NULL,0,1
"Natwest Euphoria",6474,23193,2026-02-01,MAINTENANCE_CHARGES,2,1,6,0,1,0,2026-02-01,2,0,1,1,0,440259,"2026-01-08 12:12:10",NULL,NULL,NULL,NULL,0,1
"SLV Sannidhi Classic",6479,23169,2026-02-01,MAINTENANCE_CHARGES,1,1,4,0,1,0,2026-02-01,1,0,1,1,0,437928,"2026-01-08 12:22:45",NULL,NULL,NULL,NULL,0,1
"Chethan Habitat",6480,22879,2026-02-01,APARTMENT_MAINTAINENCE,2,1,9,0,1,0,2026-02-01,2,0,1,1,0,428436,"2026-01-08 12:55:10",NULL,NULL,NULL,NULL,0,1
"Spring Meadows",6481,23131,2026-02-01,MAINTENANCE_CHARGES,2,1,9,0,1,0,2026-02-01,2,0,1,1,0,436869,"2026-01-08 13:14:20",NULL,NULL,NULL,NULL,0,1
"Yogeshwari Park",6485,14093,2026-02-01,MAINTENANCE_CHARGE,2,1,14,0,1,0,2026-02-01,2,0,1,1,0,130311,"2026-01-08 13:40:56",NULL,NULL,NULL,NULL,0,1
"Fifth element",6493,20469,2026-02-01,MAINTENANCE_CHARGES_,2,1,9,0,1,0,2026-02-01,2,0,1,1,0,390016,"2026-01-11 10:01:57",NULL,NULL,NULL,NULL,0,1
"Samhita Castle",6495,18440,2026-02-01,SPL_PH_REIMBURSEMENT,2,1,7,0,1,0,2026-02-01,2,0,1,1,0,411822,"2026-01-11 15:32:17",NULL,NULL,NULL,NULL,0,1
"Raaga Apartment Owners Association",6496,20727,2026-02-01,BILL_OF_SUPPLY,2,1,14,0,1,0,2026-02-01,2,0,1,1,0,357133,"2026-01-12 16:45:49",NULL,NULL,NULL,NULL,0,1
"LEGEND PARK VIEW",6498,22850,2026-02-01,MAINTENANCE_CHARGES,1,1,27,0,1,0,2026-02-01,1,0,1,1,0,437682,"2026-01-12 16:58:41",NULL,NULL,NULL,NULL,0,1
"CVK Meenakshi Elegance",6499,9166,2026-02-01,MAINTENANCE_CHARGES,2,1,9,0,1,0,2026-02-01,2,0,1,1,0,359739,"2026-01-12 17:00:44",NULL,NULL,NULL,NULL,0,1
"KRS Endeavour",6500,22042,2026-02-01,MAINTENANCE_CHARGES,2,1,14,0,1,0,2026-02-01,2,0,1,1,0,412009,"2026-01-12 17:02:49",NULL,NULL,NULL,NULL,0,1
"SHIVAGANGA DWARAKAMAI",6501,3354,2026-02-01,MAINTENANCE_BILL,2,1,9,0,1,0,2026-02-01,2,0,1,1,0,452242,"2026-01-12 17:14:04",NULL,NULL,NULL,NULL,0,1
"Ceratec Avika A wing",6504,19091,2026-02-01,MAINTENANCE_CHARGES,2,1,15,0,1,0,2026-02-01,2,0,1,1,0,454898,"2026-01-13 06:36:16",NULL,NULL,NULL,NULL,0,1
"Hebron Avenue",6505,19929,2026-02-01,GARBAGE_COLLECTION,2,1,6,0,0,0,2026-02-01,2,0,1,0,0,402417,"2026-01-13 10:16:47",NULL,NULL,NULL,NULL,0,0
"Janapriya Lakeview Phase 2",6506,716,2026-02-01,MAINTENANCE_CHARGES,2,1,14,0,1,0,2026-02-01,2,0,1,1,0,453618,"2026-01-13 11:14:30",NULL,NULL,NULL,NULL,0,1
"Sanidhya Status",6510,23115,2026-02-01,MAINTENANCE_CHARGES,2,1,10,0,1,0,2026-02-01,2,0,1,1,0,436347,"2026-01-14 16:19:54",NULL,NULL,NULL,NULL,0,1
"Chandrabhaga society ",6511,13164,2026-02-01,MAINTENANCE_BILL,2,1,14,0,1,0,2026-02-01,2,0,1,1,0,413522,"2026-01-15 13:02:27",NULL,NULL,NULL,NULL,0,1
"KPR sunirse square",6514,10385,2026-02-01,MAINTENANCE_CHARGES,2,1,15,0,1,0,2026-02-01,2,0,1,1,0,401358,"2026-01-16 10:00:37",NULL,NULL,NULL,NULL,0,1
"Brindhavan Towers",6515,8004,2026-02-01,MAINTENANCE_MIG_1_1_24,2,1,10,0,0,0,2026-02-01,2,0,1,0,0,449267,"2026-01-16 10:04:07",NULL,NULL,NULL,NULL,0,0
"Brindhavan Towers",6516,8004,2026-02-01,MAINTENANCE_LIG_1_1_24,2,1,10,0,0,0,2026-02-01,2,0,1,0,0,449267,"2026-01-16 10:04:48",NULL,NULL,NULL,NULL,0,0
"Moon Mist Apartment",6517,10204,2026-02-01,MAINTENANCE_CHARGES,2,1,9,0,0,0,2026-02-01,2,0,1,0,0,402817,"2026-01-16 10:28:19",NULL,NULL,NULL,NULL,0,0
"Siri Exotica",6518,3847,2026-02-01,MAINTENANCE_CHARGES,2,1,14,0,1,0,2026-02-01,2,0,1,1,0,402827,"2026-01-16 10:32:21",NULL,NULL,NULL,NULL,0,1
"Sai Cambridge Residency",6519,11426,2026-02-01,MAINTENANCE_CHARGES,2,1,9,0,0,0,2026-02-01,2,0,1,0,0,402891,"2026-01-16 10:36:57",NULL,NULL,NULL,NULL,0,0
"Royal Green Apartments",6523,106,2026-02-01,MAINTENANCE,2,1,9,9,1,0,2026-02-01,2,0,1,1,0,391307,"2026-01-16 11:22:45",NULL,NULL,NULL,NULL,0,1
"JP Harmony A-1 Co-Operative Housing Society Ltd.",6524,22022,2026-02-01,MAINTENANCE_CHARGES,2,1,25,0,1,0,2026-02-01,2,0,1,1,0,407376,"2026-01-16 11:29:00",NULL,NULL,NULL,NULL,0,1
"Sukhwani Discover",6525,21321,2026-02-01,MAINTENANCE_CHARGES,1,1,19,0,1,0,2026-02-01,1,0,1,1,0,373402,"2026-01-16 11:39:31",NULL,NULL,NULL,NULL,0,1
"KINGSTON AURA E WING",6527,21251,2026-02-01,UTILITY_SERVICES,2,1,14,0,1,0,2026-02-01,2,0,1,1,0,382110,"2026-01-16 11:56:24",NULL,NULL,NULL,NULL,0,1
"PAVANI RESIDENCY",6529,20111,2026-02-01,MAINTENANCE_CHARGES,2,1,6,0,0,0,2026-02-01,2,0,1,0,0,401886,"2026-01-16 12:52:16",NULL,NULL,NULL,NULL,0,0
"Silver 9 E-wing",6530,20566,2026-02-01,MAINTENANCE,2,1,15,0,1,0,2026-02-01,2,0,1,1,0,338115,"2026-01-16 12:55:32",NULL,NULL,NULL,NULL,0,1
"Mahalakshmi Balaji CHS",6539,18012,2026-02-01,MAINTENANCE_CHARGES,2,1,9,0,1,0,2026-02-01,2,0,1,1,0,210071,"2026-01-17 11:22:23",NULL,NULL,NULL,NULL,0,0
"Uniidus Acropolis Apartment",6542,12127,2026-02-01,MAINTENANCE_CHARGES,2,1,14,0,1,0,2026-02-01,2,0,1,1,0,413344,"2026-01-18 06:19:09",NULL,NULL,NULL,NULL,0,1
"Happinest K Block",6543,21719,2026-02-01,MAINTENANCE_CHARGES,2,1,9,0,1,0,2026-02-01,2,0,1,1,0,402795,"2026-01-18 07:11:55",NULL,NULL,NULL,NULL,0,1
"ADITHYA RICA APARTMENT",6545,20571,2026-02-01,MAINTENANCE_CHARGES,2,1,11,0,0,0,2026-02-01,2,0,1,0,0,338788,"2026-01-18 08:26:15",NULL,NULL,NULL,NULL,0,0
"Sowparnika Sandal Tower",6551,21303,2026-02-01,MAINTENANCE_CHARGES,2,1,14,0,1,0,2026-02-01,2,0,1,1,0,382341,"2026-01-18 11:12:32",NULL,NULL,NULL,NULL,0,1
"Elil Abode",6553,1252,2026-02-01,MONTHLY_MAINTENANCE_CHARGES,2,1,16,0,0,0,2026-02-01,2,0,1,0,0,402754,"2026-01-18 11:40:58",NULL,NULL,NULL,NULL,0,0
"Essjay Divine Bliss Apartments",6554,21196,2026-02-01,MAINTENANCE_CHARGES,1,1,6,0,0,0,2026-02-01,1,0,1,0,0,413153,"2026-01-18 11:53:45",NULL,NULL,NULL,NULL,0,0
"AMBARAM HOMES",6555,18452,2026-02-01,MAINTENANCE_CHARGES,2,1,10,0,1,0,2026-02-01,2,0,1,1,0,401251,"2026-01-18 11:59:02",401251,"2026-01-26 12:48:30",NULL,NULL,0,1
" Solanki's Gulmohar Apartments",6568,10198,2026-02-01,NEW_MAINTENANCE_CHARGES,2,1,9,0,1,0,2026-02-01,2,0,1,1,0,234786,"2026-01-19 10:47:02",NULL,NULL,NULL,NULL,0,1
"Vishnu Vistara",6569,9351,2026-02-01,MAINTENANCE_CHARGES,2,1,6,3,1,0,2026-02-01,2,0,1,1,0,186085,"2026-01-19 11:07:15",NULL,NULL,NULL,NULL,0,1
"casagrand castle",6570,20935,2026-02-01,MAINTENANCE_CHARGES,2,1,9,0,0,0,2026-02-01,2,0,1,0,0,449005,"2026-01-20 06:13:41",NULL,NULL,NULL,NULL,0,0
"Shri Sai Jingle Heights",6573,14182,2026-02-01,MAINTENANCE,2,1,4,0,1,0,2026-02-01,2,0,1,1,0,391262,"2026-01-20 07:15:15",NULL,NULL,NULL,NULL,0,1
"Praneeth county",6575,659,2026-02-01,MAINTANANCE,2,1,9,0,1,0,2026-02-01,2,0,1,1,0,413377,"2026-01-20 07:36:59",NULL,NULL,NULL,NULL,0,1
"Pyramid carnations ",6576,18845,2026-02-01,MAINTENANCE_CHARGES,2,1,14,0,1,0,2026-02-01,2,0,1,1,0,391255,"2026-01-20 07:39:48",NULL,NULL,NULL,NULL,0,1
"SS Brindavanam",6577,20722,2026-02-01,MAINTENANCE_CHARGES,2,1,4,0,1,0,2026-02-01,2,0,1,1,0,430044,"2026-01-20 07:51:54",NULL,NULL,NULL,NULL,0,1
"Geown Oasis Phase 2",6578,21810,2026-02-01,MAINTENANCE_CHARGES,2,1,9,0,1,0,2026-02-01,2,0,1,1,0,448645,"2026-01-20 08:06:35",NULL,NULL,NULL,NULL,0,1
"Sri Vishnu Pearls Apartment",6579,12755,2026-02-01,MAINTENANCE_CHARGES,1,1,10,0,1,0,2026-02-01,1,0,1,1,0,381069,"2026-01-20 08:11:29",NULL,NULL,NULL,NULL,0,1
"Aldeia de Goa Phase 5 Sector 2",6582,23564,2026-02-01,MAINTENANCE_CHARGE,2,1,9,0,1,0,2026-02-01,2,0,1,1,0,454486,"2026-01-20 10:15:03",NULL,NULL,NULL,NULL,0,1
"Murari enclave",6586,22863,2026-02-01,MAINTENANCE_CHARGES,2,1,10,20,1,0,2026-02-01,2,0,1,1,0,446393,"2026-01-20 10:43:48",NULL,NULL,NULL,NULL,0,1
"Twinkle Residency CHS Limited",6589,21309,2026-02-01,TRCHSL_MAINTENANCE,2,1,10,0,0,0,2026-02-01,2,0,1,0,0,414067,"2026-01-20 12:34:00",NULL,NULL,NULL,NULL,0,0
"Navkar Phase 1",6590,15602,2026-02-01,MAINTENANCE_CHARGES,2,1,33,0,1,0,2026-02-01,2,0,1,1,0,416205,"2026-01-20 12:36:08",NULL,NULL,NULL,NULL,0,1
"Madhuban 28 Co Op Housing Society Ltd",6592,10182,2026-02-01,MONTHLY_MAINTENANCE_CHARGES,2,1,9,0,1,0,2026-02-01,2,0,1,1,0,360397,"2026-01-21 05:38:34",NULL,NULL,NULL,NULL,0,1
"Vishwanath Sarathya",6593,21269,2026-02-01,MAINTENANCE_CHARGES,2,1,9,0,1,0,2026-02-01,2,0,1,1,0,376967,"2026-01-21 05:45:45",NULL,NULL,NULL,NULL,0,1
"Aashirwad sky",6594,15190,2026-02-01,MAINTENANCE_CHARGES,2,1,14,0,1,0,2026-02-01,2,0,1,1,0,391513,"2026-01-21 05:49:04",NULL,NULL,NULL,NULL,0,1
"Mahaveer Delight Society",6596,3545,2026-02-01,MAINTENANCE_CHARGES,2,1,7,0,1,0,2026-02-01,2,0,1,1,0,436054,"2026-01-21 11:11:07",NULL,NULL,NULL,NULL,0,1
"Tara Srushti CHS",6597,12291,2026-02-01,MAINTENANCE,2,1,15,0,1,0,2026-02-01,2,0,1,1,0,440070,"2026-01-21 11:20:21",NULL,NULL,NULL,NULL,0,1
"Majestique Nest B wing",6598,16245,2026-02-01,MAINTENANCE_CHARGES,2,1,9,0,1,0,2026-02-01,2,0,1,1,0,412831,"2026-01-21 11:20:40",NULL,NULL,NULL,NULL,0,1
"HEXA TOWERS E Wing Maintenance",6604,22935,2026-02-01,MAINTENANCE_CHARGES,2,1,14,0,1,0,2026-02-01,2,0,1,1,0,451741,"2026-01-21 11:52:37",NULL,NULL,NULL,NULL,0,1
"Takshashila Society Narhe",6606,12284,2026-02-01,MONTHLY_MAINTENANCE_CHARGES,2,1,27,0,0,0,2026-02-01,2,0,1,1,0,440079,"2026-01-21 12:04:32",NULL,NULL,NULL,NULL,0,0
"Balaji krupa chs",6608,21742,2026-02-01,MAINTENANCE_CHARGES,2,1,15,0,1,0,2026-02-01,2,0,1,1,0,391715,"2026-01-21 12:31:01",391715,"2026-01-31 19:00:34",NULL,NULL,0,1
"Sai Vinayakmahal",6613,2013,2026-02-01,MAINTENANCE_CHARGES,2,1,14,0,0,0,2026-02-01,2,0,1,0,0,390691,"2026-01-21 12:39:34",NULL,NULL,NULL,NULL,0,0
"Satya Sai Plaza",6614,22643,2026-02-01,MAINTENANCE_CHARGES,2,1,30,30,0,0,2026-02-01,2,0,1,0,0,440588,"2026-01-21 12:51:55",NULL,NULL,NULL,NULL,0,0
"Tulsi Sapphire",6620,19878,2026-02-01,MAINTENANCE_CHARGES,2,1,14,0,1,0,2026-02-01,2,0,1,1,0,391948,"2026-01-23 05:35:05",NULL,NULL,NULL,NULL,0,1
"Dream park",6621,11765,2026-02-01,MAINTENANCE,2,1,9,0,1,0,2026-02-01,2,0,1,1,0,394005,"2026-01-23 05:37:03",NULL,NULL,NULL,NULL,0,1
"Jagat Regency",6622,5429,2026-02-01,MAINTENANCE_CHARGES,2,1,25,0,1,0,2026-02-01,2,0,1,1,0,396457,"2026-01-23 05:39:45",NULL,NULL,NULL,NULL,0,1
"Aero East Society",6624,13240,2026-02-01,MAINTENANCE_CHARGES,1,1,28,0,1,0,2026-02-01,1,0,1,1,0,422936,"2026-01-23 05:48:00",422936,"2026-01-31 19:39:53",NULL,NULL,0,1
"Elite Abodeh CHS",6628,23194,2026-02-01,MAINTENANCE_CHARGES,2,1,14,0,1,0,2026-02-01,2,0,1,1,0,441186,"2026-01-23 06:50:25",NULL,NULL,NULL,NULL,0,1
"Kesar Treetown C Wing",6629,9882,2026-02-01,MAINTENANCE_CHARGES,2,1,14,0,1,0,2026-02-01,2,0,1,1,0,440359,"2026-01-23 07:00:02",NULL,NULL,NULL,NULL,0,1
"SVS Paradise",6631,3064,2026-02-01,MAINTENANCE_CHARGES,1,1,10,0,0,0,2026-02-01,1,0,1,0,0,333168,"2026-01-23 09:50:46",NULL,NULL,NULL,NULL,0,0
"Bavisha Urban Homes",6632,1415,2026-02-01,MAINTENANCE,2,1,9,0,0,0,2026-02-01,2,0,1,0,0,331185,"2026-01-23 09:55:12",NULL,NULL,NULL,NULL,0,0
"Chandragiri BDA",6633,19752,2026-02-01,MAINTENANCE_CHARGES,2,1,9,0,0,0,2026-02-01,2,0,1,0,0,402718,"2026-01-23 10:46:33",NULL,NULL,NULL,NULL,0,0
"Radiance suprema",6634,13120,2026-02-01,MAINTENANCE_CHARGES,2,1,14,0,0,0,2026-02-01,2,0,1,0,0,451636,"2026-01-23 10:48:21",NULL,NULL,NULL,NULL,0,0
"Anuraag Anmol",6635,23476,2026-02-01,MAINTENANCE_CHARGES,1,1,27,0,1,0,2026-02-01,1,0,1,1,0,453145,"2026-01-23 11:56:04",NULL,NULL,NULL,NULL,0,1
"Laxmi Emerald",6636,14627,2026-02-01,MAINTENANCE_CHARGES,2,1,14,0,1,0,2026-02-01,2,0,1,1,0,449228,"2026-01-23 11:58:51",NULL,NULL,NULL,NULL,0,1
"Jaswitha Lavender Apartment",6637,23262,2026-02-01,MAINTENANCE_CHARGES,2,1,10,0,1,0,2026-02-01,2,0,1,1,0,459071,"2026-01-23 12:02:39",NULL,NULL,NULL,NULL,0,1
"Rainbow oaks ",6639,12484,2026-02-01,MAINTENANCE_CHARGES,2,1,9,0,1,0,2026-02-01,2,0,1,1,0,410356,"2026-01-24 04:55:09",NULL,NULL,NULL,NULL,0,1
"Dholeshwar residency",6648,14821,2026-02-01,MAINTENANCE,2,1,9,0,1,0,2026-02-01,2,0,1,1,0,380789,"2026-01-25 05:41:13",NULL,NULL,NULL,NULL,0,1
"Krishna Celesta",6649,18463,2026-02-01,MAINTENANCE_MONTHLY,2,1,7,0,1,0,2026-02-01,2,0,1,1,0,382431,"2026-01-25 05:49:21",NULL,NULL,NULL,NULL,0,1
"VEDAANTA RESIDENTS WELFARE ASSOCIATION",6651,22498,2026-02-01,MAINTENANCE_CHARGES_SCHOOL,2,1,10,0,1,0,2026-02-01,2,0,1,1,0,414537,"2026-01-25 09:39:15",NULL,NULL,NULL,NULL,0,0
"Turnbulls Tower",6653,20757,2026-02-01,MAINTENANCE_CHARGES,2,1,9,0,1,0,2026-02-01,2,0,1,1,0,446713,"2026-01-27 06:25:46",NULL,NULL,NULL,NULL,0,1
"Greenfinch Vallerian",6654,6870,2026-02-01,PARKING_CHARGES,2,1,9,0,1,0,2026-02-01,2,0,1,1,0,413130,"2026-01-27 07:22:22",NULL,NULL,NULL,NULL,0,1
"Sumukha Maple Grove",6658,9298,2026-02-01,MAINTENANCE_CHARGES_FEBUARY_2026,2,1,4,0,1,0,2026-02-01,2,0,1,1,0,359070,"2026-01-27 09:18:11",NULL,NULL,NULL,NULL,0,1
"Arun Excello Compact Homes Chandrika.",6659,20742,2026-02-01,FEBUARY_2026_MAINTENANCE,2,1,7,0,1,0,2026-02-01,2,0,1,1,0,348757,"2026-01-27 10:09:38",NULL,NULL,NULL,NULL,0,1
"Shree Prakriti",6662,21099,2026-02-01,MAINTENANCE_CHARGES_FEBUARY_26,2,1,9,0,1,0,2026-02-01,2,0,1,1,0,371812,"2026-01-28 07:11:22",NULL,NULL,NULL,NULL,0,1
"Madhavaram Serenity ",6666,10278,2026-02-01,MAINTENANCE_CHARGES,3,1,24,0,1,0,2026-02-01,3,0,1,1,0,413641,"2026-01-28 11:40:11",NULL,NULL,NULL,NULL,0,1
"Setu Spire",6667,23163,2026-02-01,MAINTENANCE_CHARGES_FOR_SHOP,2,1,14,0,1,0,2026-02-01,2,0,1,1,0,460484,"2026-01-28 12:57:07",NULL,NULL,NULL,NULL,0,1
"Aksha Ambar",6671,19626,2026-02-01,MAINTENANCE_CHARGES,2,1,9,0,1,0,2026-02-01,2,0,1,1,0,447920,"2026-01-29 06:42:43",270695,"2026-01-31 09:36:25",NULL,NULL,0,1
"Advika Phase 3",6681,20777,2026-02-01,MAINTENANCE_CHARGES,2,1,11,0,1,0,2026-02-01,2,0,1,1,0,389621,"2026-01-29 11:14:21",NULL,NULL,NULL,NULL,0,1
"Advika Phase 3",6682,20777,2026-02-01,MAINTENANCE_CHARGES_2BHK,2,1,11,0,1,0,2026-02-01,2,0,1,1,0,389621,"2026-01-29 11:15:22",NULL,NULL,NULL,NULL,0,1
"Jeet Galaxy",6684,6101,2026-02-01,MAINTENANCE_CHARGES,2,1,15,0,1,0,2026-02-01,2,0,1,1,0,402699,"2026-01-29 12:58:32",402699,"2026-01-31 19:59:10",NULL,NULL,0,1
"Shankeshwar royale co-operative housing",6685,19399,2026-02-01,MAINTENANCE_CHARGES,2,1,13,0,1,0,2026-02-01,2,0,1,1,0,439624,"2026-01-29 14:18:34",NULL,NULL,NULL,NULL,0,1
" Dreams Lynnea",6686,13441,2026-02-01,MAINTENANCE_CHARGES,2,1,15,0,1,0,2026-02-01,2,0,1,1,0,440317,"2026-01-29 14:42:32",NULL,NULL,NULL,NULL,0,1
"AEROPOLIS PHASE 2 D WING",6689,10870,2026-02-01,MAINTENANCE_CHARGES,2,1,10,0,1,0,2026-02-01,2,0,1,1,0,451609,"2026-01-29 14:53:33",NULL,NULL,NULL,NULL,0,1
"Multi infinite",6691,16795,2026-02-01,MAINTENANCE_CHARGES,1,1,10,0,0,0,2026-02-01,1,0,1,0,0,324387,"2026-01-30 06:19:10",NULL,NULL,NULL,NULL,0,0
"ND Magnolia phase 2",6696,23191,2026-02-01,MAINTENANCE_CHARGES,2,1,9,0,0,0,2026-02-01,2,0,1,0,0,461169,"2026-01-30 06:50:48",NULL,NULL,NULL,NULL,0,0
"MC Sarovar Apartments",6697,23323,2026-02-01,MAINTENANCE_CHARGES,2,1,14,0,1,0,2026-02-01,2,0,1,1,0,444939,"2026-01-30 07:00:40",NULL,NULL,NULL,NULL,0,1
"S2 Avani - Avani Lifestyle Layout Owners Welfare Association",6698,23483,2026-02-01,MAINTENANCE_CHARGES,2,1,14,0,1,0,2026-02-01,2,0,1,1,0,451689,"2026-01-30 07:05:02",NULL,NULL,NULL,NULL,0,1
"Shine City Co Op Housing Society LTD- F Wing",6699,13133,2026-02-01,MAINTENANCE_CHARGE,2,1,27,0,1,0,2026-02-01,2,0,1,1,0,182502,"2026-01-30 07:20:08",NULL,NULL,NULL,NULL,0,1
"GR GALAXY",6701,23363,2026-02-01,MAINTENANCE_CHARGES,2,1,14,0,1,0,2026-02-01,2,0,1,1,0,445843,"2026-01-30 07:57:21",NULL,NULL,NULL,NULL,0,1
"SV GRANDUR",6703,8208,2026-02-01,MAINTENANCE_CHARGES,2,1,6,0,1,0,2026-02-01,2,0,1,1,0,436175,"2026-01-30 08:28:32",NULL,NULL,NULL,NULL,0,1
"Green Earth Atrium",6704,22476,2026-02-01,MAINTENANCE_CHARGES,2,1,10,0,0,0,2026-02-01,2,0,1,0,0,461165,"2026-01-30 08:28:34",NULL,NULL,NULL,NULL,0,0
"Kalash Square",6708,22064,2026-02-01,MAINTENANCE_CHARGES,2,1,9,0,1,0,2026-02-01,2,0,1,1,0,436053,"2026-01-30 10:33:37",NULL,NULL,NULL,NULL,0,1
"Samshraya Homes",6709,15403,2026-02-01,COMMON_MAINTENANCE_CHARGES,2,1,6,0,1,0,2026-02-01,2,0,1,1,0,461660,"2026-01-30 11:32:02",NULL,NULL,NULL,NULL,0,1
"RC Jones Castle",6711,23462,2026-02-01,MAINTENANCE_CHARGES,2,1,4,0,1,0,2026-02-01,2,0,1,1,0,451335,"2026-01-30 12:46:18",NULL,NULL,NULL,NULL,0,1
"Shreeji Iconic",6712,18224,2026-02-01,SERVICE_CHARGES,2,1,14,0,1,0,2026-02-01,2,0,1,1,0,448018,"2026-01-30 12:49:05",NULL,NULL,NULL,NULL,0,1
"Rhythm Sky",6713,22357,2026-02-01,MAINTENANCE_CHARGES,2,1,14,0,1,0,2026-02-01,2,0,1,1,0,451941,"2026-01-30 12:53:48",NULL,NULL,NULL,NULL,0,1
"Bhalchandra CHS",6716,20170,2026-02-01,MAINTENANCE_CHARGES,2,1,29,0,0,0,2026-02-01,2,0,1,0,0,424535,"2026-01-30 13:54:33",NULL,NULL,NULL,NULL,0,0
"Gopalan Temple Trees",6720,3131,2026-02-01,MAINTENANCE_CHARGES,2,1,14,0,1,0,2026-02-01,2,0,1,1,0,358414,"2026-01-30 20:29:30",NULL,NULL,NULL,NULL,0,1
"Shree Ganesh Apartment, Dharampeth",6721,22975,2026-02-01,MAINTENANCE_CHARGES,2,1,0,0,1,0,2026-02-01,2,0,1,1,0,429829,"2026-01-31 06:01:22",NULL,NULL,NULL,NULL,0,1
"Sabarmati apartment",6722,9838,2026-02-01,MAINTENANCE_CHARGES,2,1,10,0,1,0,2026-02-01,2,0,1,0,0,449857,"2026-01-31 06:49:11",NULL,NULL,NULL,NULL,0,1
"Sai maharaj vihar",6723,10504,2026-02-01,FEBRUARY_MAINTENANCE_FEE_2026,2,1,11,0,1,0,2026-02-01,2,0,1,1,0,235038,"2026-01-31 07:06:44",NULL,NULL,NULL,NULL,0,1
"Sri Sapphire Park",6725,3353,2026-02-01,MAINTENANCE_SEP,2,1,7,0,1,0,2026-02-01,2,0,1,1,0,360769,"2026-01-31 07:23:08",NULL,NULL,NULL,NULL,0,1
"Sanjana Brindavan",6728,1489,2026-02-01,PAINT_AND_REPAIR_WORK_TO_BE_PAID_BY_OWNER_,2,1,28,0,0,0,2026-02-01,2,0,1,0,0,261976,"2026-01-31 08:20:36",NULL,NULL,NULL,NULL,0,0
"Trillium Apartment",6729,23356,2026-02-01,MAINTENANCE_CHARGES,2,1,14,0,1,0,2026-02-01,2,0,1,1,0,444180,"2026-01-31 09:11:33",NULL,NULL,NULL,NULL,0,1
"Praneeth Pranav Townsquare",6731,12357,2026-02-01,MAINTENANCE_CHARGES_FEB_2026,2,1,9,0,1,0,2026-02-01,2,0,1,1,0,201912,"2026-01-31 10:16:46",NULL,NULL,NULL,NULL,0,0
"Konark Virtue T1",6732,23280,2026-02-01,MAINTENANCE_CHARGES,2,1,9,0,1,0,2026-02-01,2,0,1,1,0,439937,"2026-01-31 12:06:07",NULL,NULL,NULL,NULL,0,1
"Rajesh East Enigma",6733,23407,2026-02-01,MAINTENANCE_CHARGES,2,1,9,0,1,0,2026-02-01,2,0,1,1,0,449285,"2026-01-31 12:12:23",NULL,NULL,NULL,NULL,0,1
"Namo Insperia co-op hou soc, chikhali",6734,23410,2026-02-01,MAINTENANCE_CHARGES,2,1,11,0,1,0,2026-02-01,2,0,1,1,0,449424,"2026-01-31 12:22:20",NULL,NULL,NULL,NULL,0,1
"A3 Darshan Nagari Housing Society",6735,23336,2026-02-01,MAINTENANCE_CHARGES,2,1,14,0,1,0,2026-02-01,2,0,1,1,0,443276,"2026-01-31 12:35:35",NULL,NULL,NULL,NULL,0,1
"Vrushabadri Towers",6737,22615,2026-02-01,MONTHLY_MAINTENANCE,2,1,11,0,0,0,2026-02-01,2,0,1,0,0,459572,"2026-01-31 13:11:45",431514,"2026-01-31 20:04:09",NULL,NULL,0,0
"Hill Crest phase 2",6739,22159,2026-02-01,MAINTENANCE_CHARGES_MONTHLY_F_,2,1,10,0,1,0,2026-02-01,2,0,1,1,0,451860,"2026-01-31 13:34:52",NULL,NULL,NULL,NULL,0,1
"Hill Crest phase 2",6740,22159,2026-02-01,MAINTENANCE_CHARGES_S_,2,1,10,0,1,0,2026-02-01,2,0,1,1,0,451860,"2026-01-31 13:36:03",NULL,NULL,NULL,NULL,0,1
"West Coast Park (B WING)",6743,23449,2026-02-01,MAINTENANCE_CHARGES,2,1,10,0,0,0,2026-02-01,2,0,1,0,0,448837,"2026-01-31 14:24:40",NULL,NULL,NULL,NULL,0,0
